"date","SPY","EFA","IJS","EEM","AGG"
"2012-12-31","128.309158","49.164104","75.065903","39.892326","98.196259"
"2013-01-02","131.597702","49.925007","77.125534","40.674885","98.081306"
"2013-01-03","131.300415","49.440796","77.023491","40.387054","97.83374"
"2013-01-04","131.87706","49.691547","77.626564","40.467999","97.939827"
"2013-01-07","131.516647","49.475388","77.171944","40.162178","97.88681"
"2013-01-08","131.138199","49.198689","76.875053","39.802383","97.975227"
"2013-01-09","131.471634","49.449444","77.097725","39.973282","97.904488"
"2013-01-10","132.516754","50.080639","77.190491","40.324089","97.895653"
"2013-01-11","132.507706","50.184399","77.134827","40.000263","97.992912"
"2013-01-14","132.417664","50.244923","77.11628","40.171173","98.081306"
"2013-01-15","132.507706","50.167107","77.459564","40.000263","98.107811"
"2013-01-16","132.489746","49.925007","77.255447","39.964291","98.160828"
"2013-01-17","133.345642","50.331394","77.997665","40.189163","97.948662"
"2013-01-18","133.642975","50.279514","78.303833","40.279106","98.063606"
"2013-01-22","134.363708","50.305447","78.916145","40.216145","98.010582"
"2013-01-23","134.579987","50.253567","78.749153","40.000263","98.116653"
"2013-01-24","134.616074","50.495674","79.240875","39.85635","97.984077"
"2013-01-25","135.372833","51.040401","79.528488","39.72142","97.745415"
"2013-01-28","135.210693","50.78965","79.602722","39.442589","97.603943"
"2013-01-29","135.742264","51.135513","79.741852","39.883327","97.542068"
"2013-01-30","135.210693","51.187397","78.776978","39.694439","97.497864"
"2013-01-31","134.877319","50.997169","79.083153","39.775394","97.58625"
"2013-02-01","136.264847","51.403557","79.992355","40.036243","97.374565"
"2013-02-04","134.73317","50.478378","78.953262","39.505547","97.649132"
"2013-02-05","136.093658","50.711842","79.630524","39.550526","97.445435"
"2013-02-06","136.192749","50.70319","79.983101","39.505547","97.613724"
"2013-02-07","136.012573","50.288158","79.936707","39.154743","97.649132"
"2013-02-08","136.769379","50.608074","80.437683","39.442589","97.67572"
"2013-02-11","136.742371","50.556198","80.344917","39.424599","97.57827"
"2013-02-12","136.96759","50.806942","80.678909","39.532532","97.560577"
"2013-02-13","137.084702","50.928005","80.966507","39.730423","97.463135"
"2013-02-14","137.210861","50.651314","81.217026","39.712425","97.640289"
"2013-02-15","137.048721","50.521614","81.235573","39.568516","97.649132"
"2013-02-19","138.075836","51.118221","82.154083","39.649464","97.533989"
"2013-02-20","136.354935","50.616726","80.771698","39.298664","97.596016"
"2013-02-21","135.526031","49.855827","80.177917","38.758972","97.649132"
"2013-02-22","136.850464","50.57349","80.873734","38.929874","97.702293"
"2013-02-25","134.246628","49.362984","79.194496","38.408169","98.074265"
"2013-02-26","135.165649","49.760719","79.417145","38.62405","98.047714"
"2013-02-27","136.868484","50.391914","80.261414","39.046806","98.074265"
"2013-02-28","136.598221","50.340038","80.372742","38.866909","98.162849"
"2013-03-01","137.048721","50.236282","80.595413","38.956863","98.197464"
"2013-03-04","137.778473","50.452438","80.465515","38.58807","98.126488"
"2013-03-05","139.012848","50.953941","81.346909","39.055805","98.046585"
"2013-03-06","139.202072","51.083637","81.625229","39.244698","97.940109"
"2013-03-07","139.4543","51.230625","82.070572","39.352642","97.736038"
"2013-03-08","140.04895","51.343037","82.710739","39.694439","97.452057"
"2013-03-11","140.580582","51.498672","82.627228","39.478565","97.505302"
"2013-03-12","140.265182","51.239269","82.358185","39.028824","97.682762"
"2013-03-13","140.463409","51.161453","82.859161","38.660038","97.602905"
"2013-03-14","141.211182","51.662956","83.842613","38.821941","97.709389"
"2013-03-15","141.024811","51.766712","84.018898","38.471134","97.798141"
"2013-03-18","140.24649","51.196041","83.434387","38.039387","97.886887"
"2013-03-19","139.920731","51.040401","83.350891","37.769539","98.028847"
"2013-03-20","140.898132","51.351673","84.000343","37.985416","97.922379"
"2013-03-21","139.694473","50.884762","83.258102","37.598629","97.940109"
"2013-03-22","140.816666","51.325741","83.443672","37.742554","97.975616"
"2013-03-25","140.228409","50.685894","83.441811","37.70657","97.940109"
"2013-03-26","141.350632","51.005821","83.758141","38.246269","98.055458"
"2013-03-27","141.350632","50.75507","83.739555","38.390179","98.259567"
"2013-03-28","141.785004","50.997169","83.674408","38.471134","98.259567"
"2013-04-01","141.223892","50.314095","82.837021","38.057369","98.348526"
"2013-04-02","141.920731","50.850178","82.381104","38.075359","98.241783"
"2013-04-03","140.481781","50.599426","81.283188","37.625614","98.348526"
"2013-04-04","141.051987","51.049057","81.971695","37.517681","98.62426"
"2013-04-05","140.418457","50.815594","81.794945","37.427731","98.908844"
"2013-04-08","141.368683","51.014462","82.613724","37.490692","98.739891"
"2013-04-09","141.857407","51.196041","82.260162","37.859482","98.775475"
"2013-04-10","143.594986","51.956936","83.730255","38.21928","98.570885"
"2013-04-11","144.065582","52.363323","83.776772","38.255257","98.588684"
"2013-04-12","143.712631","52.233624","83.423203","37.670589","98.908844"
"2013-04-15","140.382263","51.204689","80.50161","36.753117","98.953331"
"2013-04-16","142.454712","51.930988","81.608818","37.508686","98.953331"
"2013-04-17","140.37323","50.850178","80.287613","36.915024","98.953331"
"2013-04-18","139.495392","50.694546","79.999199","36.915024","98.935608"
"2013-04-19","140.708054","51.100925","80.836578","37.454712","98.944466"
"2013-04-22","141.332504","51.317089","80.88311","37.634609","99.068962"
"2013-04-23","142.78952","52.0434","82.204323","37.81451","99.024529"
"2013-04-24","142.880005","52.493015","82.799812","38.039387","99.006706"
"2013-04-25","143.459244","52.769707","83.28363","38.381184","98.96225"
"2013-04-26","143.205841","52.812935","82.678848","37.994411","99.166817"
"2013-04-29","144.165131","53.487366","83.19059","38.390179","99.229073"
"2013-04-30","144.509003","53.556538","83.776772","38.938877","99.211304"
"2013-05-01","143.242065","53.236626","81.776337","38.516113","99.257637"
"2013-05-02","144.572357","53.400898","83.041718","38.821941","99.266548"
"2013-05-03","146.038452","54.083977","84.511803","39.145752","98.901199"
"2013-05-06","146.409485","54.014809","84.902603","39.199726","98.740814"
"2013-05-07","147.151611","54.101265","85.823715","39.478565","98.687325"
"2013-05-08","147.821304","54.67194","86.214554","39.784389","98.776466"
"2013-05-09","147.404968","54.144501","85.916771","39.496552","98.642807"
"2013-05-10","147.884644","54.205025","86.558769","39.190727","98.44677"
"2013-05-13","148.002274","54.179092","86.335487","38.830936","98.357643"
"2013-05-14","149.531723","54.282848","87.442703","39.010826","98.125969"
"2013-05-15","150.337158","54.516308","87.898613","39.019829","98.268532"
"2013-05-16","149.631256","54.144501","87.535759","38.884903","98.535889"
"2013-05-17","151.079254","54.516308","88.587135","39.055805","98.295296"
"2013-05-20","151.07019","54.818932","88.810448","39.154743","98.197266"
"2013-05-21","151.287399","54.931332","88.968628","39.073795","98.277458"
"2013-05-22","150.165207","54.377964","87.684608","38.642036","97.947784"
"2013-05-23","149.730835","53.599777","87.563667","38.354195","97.912109"
"2013-05-24","149.604111","53.132866","87.610184","38.021393","97.912109"
"2013-05-28","150.500061","53.271206","88.810448","38.228275","97.30616"
"2013-05-29","149.52269","52.761063","87.796272","37.742554","97.439835"
"2013-05-30","150.074753","52.968582","88.196373","37.742554","97.413101"
"2013-05-31","147.920853","51.93964","87.368263","37.058937","97.225975"
"2013-06-03","148.735321","52.138515","88.42897","37.607628","97.275078"
"2013-06-04","148.020416","52.328739","87.656708","37.148888","97.060829"
"2013-06-05","145.947968","51.161453","86.614586","36.483269","97.007263"
"2013-06-06","147.269257","51.446789","87.303131","36.789093","97.257217"
"2013-06-07","149.142624","52.138515","87.963745","36.600204","96.95369"
"2013-06-10","149.142624","52.190388","88.568527","36.10548","96.757347"
"2013-06-11","147.604111","51.550549","87.433403","35.421871","96.766251"
"2013-06-12","146.382355","51.490021","86.716957","35.179012","96.605576"
"2013-06-13","148.608643","52.276855","88.159142","35.925579","97.078682"
"2013-06-14","147.676483","51.706188","87.247307","35.35891","97.105453"
"2013-06-17","148.816803","52.449787","87.814873","35.682724","97.034073"
"2013-06-18","149.993271","52.82159","88.931389","35.835629","96.998344"
"2013-06-19","147.920853","51.83588","87.777649","34.729259","96.346664"
"2013-06-20","144.25563","49.933651","85.712097","33.173145","95.703964"
"2013-06-21","144.718719","50.097935","86.056328","33.649876","95.16835"
"2013-06-24","142.890045","49.311092","84.939812","32.966267","94.78447"
"2013-06-25","144.263824","49.942299","85.823715","33.66787","94.891624"
"2013-06-26","145.692184","50.141159","85.98526","34.19857","95.293312"
"2013-06-27","146.547394","50.645317","87.544556","34.884403","95.69503"
"2013-06-28","145.946899","50.548283","87.245773","35.084888","95.703964"
"2013-07-01","146.802094","51.024654","88.366219","35.194244","95.836327"
"2013-07-02","146.665665","50.768829","88.580963","34.565456","95.836327"
"2013-07-03","146.729324","50.786469","88.721016","34.246502","95.702164"
"2013-07-05","148.312286","51.024654","89.96286","34.027786","94.655807"
"2013-07-08","149.158432","51.342239","90.411057","34.073345","95.147728"
"2013-07-09","150.231949","51.624531","91.503487","34.51989","95.246063"
"2013-07-10","150.28656","51.774502","91.736908","34.191818","94.995674"
"2013-07-11","152.333588","53.115391","92.595924","35.86861","95.630638"
"2013-07-12","152.397247","52.762531","92.679947","35.485863","95.523315"
"2013-07-15","152.979492","53.088936","93.268204","35.85038","95.728996"
"2013-07-16","152.406311","53.053646","92.950737","35.996189","95.881035"
"2013-07-17","152.797546","53.212437","93.156151","36.324253","96.086746"
"2013-07-18","153.634521","53.565308","94.033829","35.895947","95.907852"
"2013-07-19","153.907486","53.521194","94.080528","35.7957","96.158287"
"2013-07-22","154.207718","53.821129","94.42601","36.151108","96.283508"
"2013-07-23","153.880188","53.935814","94.173889","36.542961","96.22982"
"2013-07-24","153.316132","53.865246","93.492279","36.169338","95.916794"
"2013-07-25","153.689133","53.971096","94.229919","36.378929","95.952576"
"2013-07-26","153.852905","53.63588","93.660347","36.296913","95.925758"
"2013-07-29","153.379807","53.124222","92.857361","35.84127","95.925758"
"2013-07-30","153.379807","53.115391","93.174835","35.759258","95.889992"
"2013-07-31","153.488983","53.238895","92.969391","35.549652","95.961517"
"2013-08-01","155.263062","53.96228","94.23925","36.196671","95.419426"
"2013-08-02","155.526932","54.403366","94.248596","36.187557","95.741989"
"2013-08-05","155.299438","54.288685","94.640739","35.959732","95.786819"
"2013-08-06","154.416977","54.20929","93.744377","35.504086","95.688248"
"2013-08-07","153.91658","53.971096","93.137497","35.121346","95.813675"
"2013-08-08","154.480667","54.456287","93.613655","35.7957","95.948059"
"2013-08-09","154.034836","54.553333","93.482948","35.86861","96.010811"
"2013-08-12","153.852905","54.403366","93.893761","36.205788","95.948059"
"2013-08-13","154.307831","54.756233","93.819092","36.424496","95.562759"
"2013-08-14","153.516281","54.782696","93.557632","36.542961","95.437347"
"2013-08-15","151.369186","54.323967","91.839615","36.123772","95.096802"
"2013-08-16","150.86882","54.421001","91.587532","35.813927","94.828011"
"2013-08-19","149.90448","54.032852","90.775192","35.139565","94.532318"
"2013-08-20","150.641388","53.96228","92.054367","35.075775","94.81012"
"2013-08-21","149.713364","53.327122","91.316742","34.255611","94.46064"
"2013-08-22","151.078064","53.847595","92.539886","34.811504","94.577156"
"2013-08-23","151.587555","54.315151","92.707977","35.221584","94.890762"
"2013-08-26","151.023468","53.918175","92.511909","34.838844","95.060974"
"2013-08-27","148.594345","53.000713","90.439056","34.036903","95.31189"
"2013-08-28","149.122055","52.938969","90.644485","34.109806","95.13266"
"2013-08-29","149.358582","52.850746","91.335426","34.383198","95.320808"
"2013-08-30","148.885513","52.197941","89.794792","34.647472","95.168526"
"2013-09-03","149.558746","53.203621","90.177628","34.866173","94.93335"
"2013-09-04","150.796051","53.679993","90.859238","35.485863","94.798676"
"2013-09-05","150.987122","53.63588","91.02729","35.90506","94.161301"
"2013-09-06","151.059875","53.926994","91.251389","36.433609","94.511414"
"2013-09-09","152.506378","54.668018","92.605263","37.390469","94.699974"
"2013-09-10","153.634521","55.285534","93.44561","37.672966","94.529366"
"2013-09-11","154.116745","55.479614","93.697693","37.700306","94.852547"
"2013-09-12","153.707321","55.162029","93.025436","37.262886","94.744827"
"2013-09-13","154.05307","55.426678","93.454926","37.508934","94.879478"
"2013-09-16","154.944611","55.858948","93.71637","37.928135","95.076996"
"2013-09-17","155.636063","55.894234","94.379318","37.846115","95.16674"
"2013-09-18","157.437439","57.385098","95.499771","39.431774","95.965698"
"2013-09-19","157.173599","57.111622","95.331688","39.222176","95.848976"
"2013-09-20","156.074661","56.696995","95.238327","38.347332","95.848976"
"2013-09-23","155.352417","56.679363","95.341042","38.484028","95.920792"
"2013-09-24","154.98674","56.591152","95.660988","38.155956","96.145218"
"2013-09-25","154.538788","56.652897","95.464333","37.864349","96.279907"
"2013-09-26","155.133026","56.891083","95.932518","38.019264","96.261932"
"2013-09-27","154.419937","56.688183","95.548607","37.572727","96.315796"
"2013-09-30","153.597168","56.282379","95.717155","37.144417","96.235023"
"2013-10-01","154.813034","56.582317","96.653557","37.882568","96.163986"
"2013-10-02","154.666763","56.564678","96.026154","38.028378","96.289841"
"2013-10-03","153.240601","56.194164","94.977417","37.882568","96.361847"
"2013-10-04","154.401627","56.326488","95.586044","38.374676","96.280869"
"2013-10-07","153.06691","55.744259","94.518585","38.0466","96.262871"
"2013-10-08","151.28421","55.311996","93.460472","37.682083","96.217918"
"2013-10-09","151.393875","55.550182","93.563461","37.964584","96.145996"
"2013-10-10","154.657639","56.547031","95.567337","38.857647","96.253899"
"2013-10-11","155.654144","56.846977","97.018715","39.030804","96.289841"
"2013-10-14","156.275818","57.041058","97.430756","39.258625","96.109985"
"2013-10-15","155.142181","56.767582","96.66291","38.875877","96.065063"
"2013-10-16","157.308868","57.191025","97.627396","39.185726","96.478737"
"2013-10-17","158.360184","57.949692","98.49823","39.431774","96.748535"
"2013-10-18","159.42984","58.293736","99.687439","39.468227","96.9104"
"2013-10-21","159.438965","58.38195","99.565704","39.404434","96.82045"
"2013-10-22","160.362335","58.964176","99.89344","39.78717","97.162216"
"2013-10-23","159.594376","58.39077","99.603157","38.857647","97.135208"
"2013-10-24","160.124619","58.796562","99.949608","38.775642","97.099258"
"2013-10-25","160.856018","58.628956","100.071342","38.957897","97.135208"
"2013-10-28","161.111984","58.531918","100.136902","39.185726","97.090256"
"2013-10-29","161.971359","58.655415","100.492737","39.313301","97.207184"
"2013-10-30","161.166824","58.443703","99.593765","39.094593","97.02729"
"2013-10-31","160.709732","58.117294","99.05069","38.693623","97.036308"
"2013-11-01","161.093735","57.834999","98.816582","38.711853","96.802246"
"2013-11-04","161.660507","58.117294","99.91214","38.948788","96.901337"
"2013-11-05","161.148544","57.614456","99.696793","38.16507","96.613045"
"2013-11-06","161.971359","58.117294","99.481415","38.283539","96.76622"
"2013-11-07","159.923508","57.199837","97.852112","37.590954","96.838303"
"2013-11-08","162.081085","57.535065","99.537605","37.508934","96.23468"
"2013-11-11","162.108505","57.658566","99.425232","37.317566","96.180611"
"2013-11-12","161.779373","57.464485","99.415855","37.117081","96.144569"
"2013-11-13","163.077545","57.649746","100.136902","37.180874","96.396858"
"2013-11-14","163.891174","57.914398","100.24926","37.782322","96.694145"
"2013-11-15","164.604309","58.38195","100.473999","38.502254","96.721153"
"2013-11-18","164.028336","58.38195","100.127518","38.848541","96.910355"
"2013-11-19","163.671799","58.231979","99.603157","38.611607","96.649094"
"2013-11-20","163.159836","57.826187","99.50016","38.083054","96.378838"
"2013-11-21","164.476273","58.187862","101.157547","38.0466","96.477898"
"2013-11-22","165.299072","58.35548","101.710007","38.319992","96.613045"
"2013-11-25","165.134521","58.17905","101.60701","37.827888","96.68515"
"2013-11-26","165.180222","58.17905","102.487206","37.955475","96.712158"
"2013-11-27","165.582504","58.32019","103.161415","38.201519","96.75721"
"2013-11-29","165.472778","58.434864","103.264397","38.59338","96.793236"
"2013-12-02","165.043106","58.002617","101.953476","37.782322","96.253738"
"2013-12-03","164.330032","57.596813","101.60701","37.654747","96.370834"
"2013-12-04","164.311707","57.288063","101.279289","37.60918","96.118576"
"2013-12-05","163.589508","56.961651","101.382278","37.390469","95.911354"
"2013-12-06","165.417953","57.667397","102.196938","38.219753","96.073509"
"2013-12-09","165.838455","57.60564","101.831734","38.274429","96.190659"
"2013-12-10","165.244247","57.508598","100.811089","38.292648","96.343842"
"2013-12-11","163.388351","56.970482","99.556328","37.445152","96.190659"
"2013-12-12","162.848984","56.555862","99.752975","37.22644","96.046478"
"2013-12-13","162.830704","56.520569","100.193062","37.317566","96.091537"
"2013-12-16","163.84549","56.926369","101.298004","37.56361","96.163628"
"2013-12-17","163.324341","56.679363","101.138817","37.235554","96.325798"
"2013-12-18","166.112747","57.570698","102.262482","37.976482","96.280762"
"2013-12-19","165.920746","57.570698","101.569565","37.277641","96.118576"
"2013-12-20","166.886108","57.899929","103.226952","37.222469","96.280762"
"2013-12-23","167.777695","58.496094","104.105904","37.498333","96.23571"
"2013-12-24","168.145401","58.611771","104.604202","37.719013","96.100555"
"2013-12-26","169.000244","58.932106","104.67942","37.397182","96.0466"
"2013-12-27","168.991043","59.234638","104.707619","37.976482","96.082741"
"2013-12-30","168.963486","59.483784","104.688812","38.141998","96.173019"
"2013-12-31","169.763153","59.706238","104.604202","38.436241","96.082741"
"2014-01-02","168.1362","58.647362","103.729836","36.955807","96.145912"
"2014-01-03","168.108597","58.709652","104.077705","36.891434","96.182045"
"2014-01-06","167.621475","58.638462","103.25975","36.542023","96.308403"
"2014-01-07","168.650955","58.967693","103.946075","36.698341","96.353546"
"2014-01-08","168.687714","58.949902","103.541801","36.5788","96.064659"
"2014-01-09","168.79805","58.905411","103.513596","36.3857","96.200096"
"2014-01-10","169.257614","59.448193","103.82386","37.029369","96.687561"
"2014-01-13","167.005615","58.932106","102.62043","36.587997","96.777824"
"2014-01-14","168.825577","59.403709","103.682808","36.983398","96.633415"
"2014-01-15","169.735596","59.652851","104.463181","36.974197","96.552177"
"2014-01-16","169.514984","59.626156","104.312759","36.771904","96.777824"
"2014-01-17","168.79805","59.448193","103.899078","36.587997","96.823006"
"2014-01-21","169.294373","59.732933","104.547775","36.532825","96.868156"
"2014-01-22","169.404663","59.732933","105.06488","37.020168","96.660484"
"2014-01-23","168.016678","59.33252","104.369156","36.109848","96.913254"
"2014-01-24","164.431885","57.704163","102.159729","35.162735","97.120911"
"2014-01-27","163.623032","57.437225","101.116135","35.024799","96.913254"
"2014-01-28","164.597397","57.935516","101.802475","35.245483","97.075783"
"2014-01-29","163.016373","57.285946","100.674248","34.739746","97.364662"
"2014-01-30","164.744446","57.579597","101.558022","35.061584","97.382729"
"2014-01-31","163.779282","56.600807","100.928101","35.116756","97.563278"
"2014-02-03","160.093399","55.44405","98.229805","34.123661","97.894066"
"2014-02-04","161.214783","56.084713","98.793907","34.813305","97.658859"
"2014-02-05","161.012573","56.200386","98.107567","34.684578","97.41465"
"2014-02-06","163.135895","57.196976","99.066559","35.411003","97.369431"
"2014-02-07","165.158081","57.944416","99.564842","35.613293","97.523209"
"2014-02-10","165.46138","57.748661","99.743469","35.217896","97.622711"
"2014-02-11","167.272202","58.665157","100.56144","35.981102","97.432762"
"2014-02-12","167.354904","58.763035","100.8153","35.990299","97.269936"
"2014-02-13","168.218933","58.940994","102.159729","36.027084","97.477989"
"2014-02-14","169.147324","59.163452","102.432396","36.46846","97.477989"
"2014-02-18","169.349564","59.670635","103.316154","36.128235","97.54129"
"2014-02-19","168.228134","59.270233","102.27256","35.879959","97.468941"
"2014-02-20","169.220856","59.474884","103.297363","36.008694","97.41465"
"2014-02-21","169.027817","59.590565","103.316154","36.256966","97.505112"
"2014-02-24","169.965378","60.106655","104.077705","36.256966","97.41465"
"2014-02-25","169.901031","59.964279","104.040092","35.843182","97.676956"
"2014-02-26","169.910233","59.759624","104.829842","35.870766","97.885017"
"2014-02-27","170.801804","59.964279","105.403366","36.551216","97.98452"
"2014-02-28","171.233856","60.071056","105.600784","36.302937","97.930229"
"2014-03-03","170.029724","58.798637","105.055481","35.659275","98.183975"
"2014-03-04","172.419586","59.964279","107.387123","36.266159","97.821518"
"2014-03-05","172.575836","59.910892","107.123886","36.293751","97.8759"
"2014-03-06","172.971085","60.53376","107.415321","36.808678","97.658386"
"2014-03-07","173.044617","60.204529","107.518761","36.339725","97.386581"
"2014-03-10","172.952744","59.830807","107.340111","36.09145","97.386581"
"2014-03-11","172.09787","59.394798","106.362335","35.686867","97.377487"
"2014-03-12","172.143814","59.172352","106.569176","35.760426","97.594971"
"2014-03-13","170.213516","58.068993","105.431564","35.116756","97.848694"
"2014-03-14","169.735596","57.944416","105.920464","35.309853","97.803383"
"2014-03-17","171.27063","58.674065","106.418755","35.742031","97.749023"
"2014-03-18","172.493118","59.038887","107.734985","36.238575","97.866806"
"2014-03-19","171.573944","58.31813","107.095657","35.466171","97.431854"
"2014-03-20","172.575836","58.09568","107.40593","35.622494","97.35936"
"2014-03-21","171.906128","57.980011","107.434135","35.843182","97.495285"
"2014-03-24","171.195251","58.131275","106.851242","36.192604","97.640289"
"2014-03-25","172.00769","58.763035","106.752106","36.606392","97.540604"
"2014-03-26","170.770554","58.754143","105.007019","36.689148","97.848694"
"2014-03-27","170.410522","59.047787","104.742905","37.167294","97.921204"
"2014-03-28","171.25061","59.492683","105.148506","37.461555","97.776199"
"2014-03-31","172.653931","59.795212","107.016212","37.70982","97.785286"
"2014-04-01","173.798752","60.177834","108.082138","38.151196","97.635399"
"2014-04-02","174.380432","60.29351","108.629257","38.224754","97.47197"
"2014-04-03","174.149597","60.124447","107.893494","38.077629","97.544617"
"2014-04-04","172.09079","59.937588","106.120094","37.976482","97.853294"
"2014-04-07","170.188934","59.652851","104.893829","38.141998","97.998581"
"2014-04-08","170.890594","59.617256","105.733345","38.58337","98.116562"
"2014-04-09","172.727829","60.3825","106.497414","38.877621","98.125664"
"2014-04-10","169.099533","59.314724","104.214645","38.463833","98.352631"
"2014-04-11","167.576172","58.958797","102.997818","38.463833","98.443436"
"2014-04-14","168.896393","59.296921","103.478882","38.381073","98.479774"
"2014-04-15","170.059647","59.047787","103.893929","37.801773","98.488808"
"2014-04-16","171.841507","59.777431","104.563675","38.279926","98.543304"
"2014-04-17","172.081528","60.088856","105.120216","38.629349","98.22554"
"2014-04-21","172.681641","60.168941","105.403206","38.39027","98.216446"
"2014-04-22","173.46637","60.418083","106.346497","38.28912","98.198296"
"2014-04-23","173.060196","60.275707","105.846535","38.013264","98.298149"
"2014-04-24","173.411026","60.266827","105.77108","38.050045","98.388962"
"2014-04-25","171.989227","59.973179","104.441063","37.53511","98.407089"
"2014-04-28","172.533951","60.160042","103.959953","37.719013","98.343559"
"2014-04-29","173.337128","60.551559","104.167488","38.077629","98.388962"
"2014-04-30","173.854141","60.791805","104.563675","38.00407","98.588684"
"2014-05-01","173.87265","60.960865","104.318405","38.050045","98.732735"
"2014-05-02","173.623352","60.862991","104.393875","38.261539","98.85096"
"2014-05-05","173.955719","60.818493","104.101471","38.050045","98.814545"
"2014-05-06","172.441605","60.711731","102.705399","38.224754","98.887367"
"2014-05-07","173.457153","60.782902","103.516632","38.427048","98.887367"
"2014-05-08","173.272522","60.791805","102.620491","38.335094","98.951004"
"2014-05-09","173.531052","60.702827","103.554359","38.270733","98.860077"
"2014-05-12","175.220535","61.103233","105.695602","38.914402","98.778183"
"2014-05-13","175.377518","61.192219","104.7146","39.061531","98.941925"
"2014-05-14","174.5466","61.076553","102.846878","39.337379","99.223892"
"2014-05-15","173.014008","60.809597","102.309212","38.969574","99.433113"
"2014-05-16","173.614136","60.943073","103.01667","39.484512","99.323944"
"2014-05-19","174.251144","60.818493","103.742989","39.484512","99.287567"
"2014-05-20","173.152527","60.435879","102.299774","39.162678","99.333008"
"2014-05-21","174.611176","60.907482","102.648788","39.466118","99.296646"
"2014-05-22","175.035904","60.98756","103.488319","39.741974","99.251183"
"2014-05-23","175.737579","61.147736","104.5448","39.668407","99.351227"
"2014-05-27","176.817749","61.58374","105.874855","39.328186","99.442192"
"2014-05-28","176.688522","61.379089","105.176796","39.558071","99.715057"
"2014-05-29","177.602493","61.752796","105.403206","39.668407","99.660469"
"2014-05-30","177.888672","61.761703","105.214546","39.125893","99.751434"
"2014-06-02","178.091812","61.886276","104.884392","39.245426","99.447998"
"2014-06-03","177.999512","61.735001","104.431595","39.466118","99.183754"
"2014-06-04","178.359558","61.717205","104.724037","39.245426","99.147263"
"2014-06-05","179.522812","62.14431","107.016212","39.659222","99.274864"
"2014-06-06","180.381439","62.48243","107.912354","40.054619","99.220192"
"2014-06-09","180.566055","62.420158","108.676422","40.201744","99.129082"
"2014-06-10","180.584549","62.286678","108.299103","40.413231","98.983253"
"2014-06-11","179.956741","61.975254","107.535034","40.275303","99.056183"
"2014-06-12","178.682678","61.993042","106.912453","40.082199","99.247543"
"2014-06-13","179.227371","62.03754","107.00679","40.100586","99.220192"
"2014-06-16","179.375092","62.05534","107.082268","39.916683","99.165512"
"2014-06-17","179.873642","62.010845","107.865189","39.92588","98.983253"
"2014-06-18","181.193878","62.544727","108.412285","40.36726","99.247543"
"2014-06-19","181.396973","62.882854","108.346275","40.137371","99.101723"
"2014-06-20","181.764969","62.776077","108.553787","40.054619","99.274864"
"2014-06-23","181.709335","62.607018","108.299103","39.971859","99.183754"
"2014-06-24","180.61467","62.2155","107.545227","39.953468","99.35688"
"2014-06-25","181.431015","62.193806","108.292999","40.037464","99.493561"
"2014-06-26","181.301147","62.239391","108.037415","40.083801","99.684937"
"2014-06-27","181.653671","62.275856","108.955559","40.176479","99.684937"
"2014-06-30","181.560852","62.330555","109.258461","40.065266","99.694054"
"2014-07-01","182.776169","62.877552","110.44162","40.445251","99.571327"
"2014-07-02","182.961639","62.97784","109.958893","40.686218","99.224426"
"2014-07-03","183.86145","63.10548","110.782364","40.927181","99.160507"
"2014-07-07","183.221405","62.613182","109.239532","40.89938","99.187897"
"2014-07-08","182.043274","61.956776","108.491753","40.71402","99.388763"
"2014-07-09","182.859589","62.157341","108.482292","40.945721","99.470901"
"2014-07-10","182.136047","61.473606","107.516823","40.723286","99.516556"
"2014-07-11","182.38649","61.510071","107.11927","40.676949","99.653511"
"2014-07-14","183.304871","61.965897","107.668266","40.992058","99.571327"
"2014-07-15","182.961639","61.810913","106.948883","40.964252","99.443512"
"2014-07-16","183.638824","62.193806","107.034088","41.066204","99.525703"
"2014-07-17","181.551651","61.400665","105.623734","40.296963","99.817818"
"2014-07-18","183.406921","61.883842","107.062485","40.927181","99.70826"
"2014-07-21","183.06369","61.65593","106.608147","41.066204","99.744759"
"2014-07-22","183.86145","61.929428","107.516823","41.446186","99.909119"
"2014-07-23","184.269623","62.057056","107.261269","41.483257","99.927338"
"2014-07-24","184.2789","62.202938","107.081398","41.668621","99.616982"
"2014-07-25","183.416229","61.947659","106.011833","41.501797","99.808708"
"2014-07-28","183.490448","61.956776","105.784668","41.789101","99.826965"
"2014-07-29","182.701904","61.829151","105.699455","41.538868","99.927338"
"2014-07-30","182.729736","61.737976","105.822533","41.334969","99.571327"
"2014-07-31","179.121124","60.707802","103.721222","40.612072","99.443512"
"2014-08-01","178.573837","60.288422","103.673889","40.834503","99.818504"
"2014-08-04","179.863281","60.571049","104.459526","41.214493","99.800232"
"2014-08-05","178.119293","59.796127","104.128242","40.584274","99.800232"
"2014-08-06","178.174973","59.650265","104.53524","40.306232","99.809387"
"2014-08-07","177.210159","59.167084","104.024117","40.148678","100.00145"
"2014-08-08","179.2603","59.513515","104.875992","40.510124","100.038033"
"2014-08-11","179.7798","59.741428","105.860397","41.029133","100.047165"
"2014-08-12","179.529358","59.695847","105.226212","41.075466","100.00145"
"2014-08-13","180.744537","60.033161","105.7752","41.297901","100.202629"
"2014-08-14","181.597992","60.352249","106.04023","41.362774","100.257538"
"2014-08-15","181.560852","60.288422","105.879318","41.25156","100.504471"
"2014-08-18","183.082291","60.680439","107.318054","41.650078","100.294106"
"2014-08-19","184.037735","60.826317","107.791313","41.844707","100.156929"
"2014-08-20","184.529373","60.634872","107.242325","41.761299","100.047165"
"2014-08-21","185.067413","60.890125","107.772377","41.585201","100.220924"
"2014-08-22","184.779861","60.598392","107.60202","41.473991","100.202629"
"2014-08-25","185.716797","60.99041","107.706146","41.779839","100.284943"
"2014-08-26","185.837372","60.999535","108.416031","42.030064","100.294106"
"2014-08-27","185.763153","61.118046","108.311913","42.243233","100.422173"
"2014-08-28","185.661118","60.844543","107.743996","41.826176","100.623344"
"2014-08-29","186.189926","60.817192","108.34977","41.761299","100.586784"
"2014-09-02","186.097122","60.935715","108.813583","41.696423","100.279549"
"2014-09-03","185.995071","61.364193","108.340309","42.243233","100.389503"
"2014-09-04","185.726105","61.072456","108.22673","42.132011","100.261185"
"2014-09-05","186.560974","61.081581","108.453896","42.493458","100.20623"
"2014-09-08","186.078583","60.434296","108.453896","41.993","100.105431"
"2014-09-09","184.900497","60.261078","107.251793","41.473991","99.968018"
"2014-09-10","185.596191","60.607517","107.450577","41.297901","99.830589"
"2014-09-11","185.80954","60.270195","108.103676","41.019859","99.729767"
"2014-09-12","184.724182","60.188141","106.948883","40.584274","99.528236"
"2014-09-15","184.585068","60.060509","106.030769","40.380379","99.509933"
"2014-09-16","185.976517","60.315788","106.475632","40.908646","99.509933"
"2014-09-17","186.22702","59.887302","106.541908","40.528664","99.399971"
"2014-09-18","187.219559","60.352249","107.062485","40.584274","99.409142"
"2014-09-19","187.051071","60.142563","105.831985","40.278431","99.574051"
"2014-09-22","185.606476","59.878185","104.61097","39.666737","99.711479"
"2014-09-23","184.543991","59.376759","103.531914","39.444317","99.803085"
"2014-09-24","185.988602","59.677612","104.086258","40.009659","99.73896"
"2014-09-25","182.987579","58.80241","102.65197","39.138477","99.931381"
"2014-09-26","184.441483","59.048557","103.250374","39.314564","99.92218"
"2014-09-29","184.105988","58.501564","103.107895","38.517521","100.03215"
"2014-09-30","183.621353","58.455982","101.911072","38.517521","99.968018"
"2014-10-01","181.132935","57.763119","100.61924","37.729744","100.526939"
"2014-10-02","181.160889","57.143185","101.455116","37.933643","100.361755"
"2014-10-03","183.155334","57.143185","101.949051","38.258018","100.315865"
"2014-10-06","182.940979","57.507851","101.217674","38.758488","100.407654"
"2014-10-07","180.11702","56.532372","99.745384","38.415573","100.793114"
"2014-10-08","183.267166","57.425797","101.721085","38.990181","101.07766"
"2014-10-09","179.632416","55.885082","99.545898","38.378502","100.875755"
"2014-10-10","177.582016","55.046356","98.577026","37.544388","100.949158"
"2014-10-13","174.664902","54.973427","98.45356","37.92437","101.242859"
"2014-10-14","174.935165","55.110176","99.754868","38.146805","101.472275"
"2014-10-15","173.751526","54.781975","100.334282","37.664867","101.655853"
"2014-10-16","173.602417","54.271435","101.027695","37.321957","101.57325"
"2014-10-17","175.652802","55.283386","100.562256","37.739017","101.435585"
"2014-10-20","177.358337","55.629822","101.854073","37.850231","101.554916"
"2014-10-21","180.871948","56.295334","103.411865","38.007782","101.46312"
"2014-10-22","179.5858","55.885082","102.329002","37.757549","101.408043"
"2014-10-23","181.673492","56.422966","103.877289","37.748287","101.169441"
"2014-10-24","183.071457","56.732933","104.133766","38.017056","101.206139"
"2014-10-27","182.819824","56.413849","104.057785","37.720478","101.242859"
"2014-10-28","184.916794","57.270817","106.945335","38.480446","101.086838"
"2014-10-29","184.637222","56.833218","106.945335","38.53606","100.866554"
"2014-10-30","185.820847","57.243469","107.648254","38.897511","101.031754"
"2014-10-31","187.945801","58.301003","109.177528","39.064327","101.031754"
"2014-11-03","188.048309","57.79958","109.111053","38.739948","100.840492"
"2014-11-04","187.395935","57.471386","108.835587","38.777023","100.849686"
"2014-11-05","188.579544","57.58078","109.177528","38.434113","100.886452"
"2014-11-06","189.334457","57.270817","109.396019","37.961445","100.711777"
"2014-11-07","189.511566","57.298164","109.585991","38.202412","101.051956"
"2014-11-10","190.108017","57.553432","109.851929","38.304359","100.81292"
"2014-11-11","190.294418","57.899864","109.88044","38.267281","100.858879"
"2014-11-12","190.089401","57.40757","110.640335","38.193142","100.868065"
"2014-11-13","190.303741","57.681068","109.832947","38.09119","100.914024"
"2014-11-14","190.350342","57.763119","109.576477","38.406307","101.006012"
"2014-11-17","190.471466","57.535198","108.769096","37.998516","100.886452"
"2014-11-18","191.571243","58.164242","109.253525","38.202412","100.978432"
"2014-11-19","191.263687","57.991035","108.294159","38.18388","100.739357"
"2014-11-20","191.599182","57.644604","109.415009","38.118996","100.923256"
"2014-11-21","192.624405","58.146019","109.519485","39.333099","101.042747"
"2014-11-24","193.164948","58.483334","110.659325","39.008724","101.079582"
"2014-11-25","193.025162","58.583618","110.611816","38.758488","101.300186"
"2014-11-26","193.519119","58.811535","110.953781","39.249687","101.382927"
"2014-11-28","193.109039","58.337467","109.699959","38.46191","101.695557"
"2014-12-01","191.766983","58.282768","108.208672","37.803894","101.292953"
"2014-12-02","193.0065","58.446869","109.177528","37.794617","101.090553"
"2014-12-03","193.752121","58.373936","110.279381","37.896568","100.998489"
"2014-12-04","193.53775","58.18248","109.842445","37.961445","101.30217"
"2014-12-05","193.85463","58.310112","110.46936","37.887302","100.869675"
"2014-12-08","192.559174","57.79958","109.177528","37.331223","101.118126"
"2014-12-09","192.428711","57.489624","110.925278","36.979046","101.274551"
"2014-12-10","189.34375","56.760284","108.493622","36.432236","101.449402"
"2014-12-11","190.303741","56.687351","108.930565","36.126396","101.412598"
"2014-12-12","187.228165","55.593353","107.45826","35.533245","101.73465"
"2014-12-15","185.942001","54.672573","106.622391","35.02351","101.458588"
"2014-12-16","184.450836","55.06459","106.365952","34.967907","101.707031"
"2014-12-17","188.066925","55.722973","109.158531","35.771725","101.578217"
"2014-12-18","192.717575","56.717205","110.649834","36.260593","101.311356"
"2014-12-19","193.537506","56.80006","110.744797","36.514427","101.476959"
"2014-12-22","194.427811","57.076233","111.419228","37.022099","101.633408"
"2014-12-23","194.690201","56.892113","112.141121","36.683651","101.164177"
"2014-12-24","194.708939","57.149883","112.319374","36.768261","101.274323"
"2014-12-26","195.336807","57.297173","113.04438","37.0597","101.32048"
"2014-12-29","195.599213","56.882912","113.712158","36.834064","101.532822"
"2014-12-30","194.549622","56.358173","113.063446","36.909279","101.643646"
"2014-12-31","192.61911","56.008354","112.510155","36.937485","101.671333"
"2015-01-02","192.516037","55.769005","111.680199","36.448616","101.95755"
"2015-01-05","189.039246","54.452564","109.724594","35.799938","102.179123"
"2015-01-06","187.258698","53.835777","107.683113","35.649513","102.437614"
"2015-01-07","189.592163","54.434151","108.522591","36.420418","102.419182"
"2015-01-08","192.956482","55.17062","110.249268","37.040897","102.262238"
"2015-01-09","191.410187","54.903648","108.980499","36.918678","102.511528"
"2015-01-12","189.910797","54.774773","108.265022","36.617844","102.594589"
"2015-01-13","189.376617","55.050945","108.675224","36.937485","102.622307"
"2015-01-14","188.233292","54.894447","108.112396","36.730659","102.87159"
"2015-01-15","186.508987","55.244267","106.395264","36.815266","103.342461"
"2015-01-16","188.95491","55.962326","107.864365","37.125511","102.945457"
"2015-01-20","189.357895","56.155647","107.272911","37.069103","103.120872"
"2015-01-21","190.313797","56.597523","107.158432","37.887005","102.936218"
"2015-01-22","193.143921","56.809265","109.238083","38.610905","102.880829"
"2015-01-23","192.084946","56.487061","108.970955","38.319466","103.139336"
"2015-01-26","192.53476","57.260345","109.963081","38.338264","103.093178"
"2015-01-27","189.995132","57.343201","109.304848","38.131443","103.037766"
"2015-01-28","187.558563","56.487061","107.339684","37.717789","103.471718"
"2015-01-29","189.292297","57.260345","108.675224","37.717789","103.388626"
"2015-01-30","186.911926","56.358173","106.528816","36.683651","103.757919"
"2015-02-02","189.226685","57.03941","107.988388","37.341736","103.754356"
"2015-02-03","191.963135","57.95079","110.27787","38.046837","103.356743"
"2015-02-04","191.232147","57.47208","109.705505","37.858803","103.513954"
"2015-02-05","193.162628","58.263786","111.346306","38.084431","103.301231"
"2015-02-06","192.628494","57.536526","111.184151","37.435741","102.700165"
"2015-02-09","191.766342","57.260345","110.306503","37.379341","102.681664"
"2015-02-10","193.80928","57.78508","110.535454","37.285328","102.570732"
"2015-02-11","193.921722","57.47208","110.325569","37.012695","102.524467"
"2015-02-12","195.786682","58.365047","111.479874","37.802395","102.542946"
"2015-02-13","196.59256","58.751694","112.109489","38.234852","102.422737"
"2015-02-17","196.901855","58.889782","112.195358","38.150242","102.00663"
"2015-02-18","196.920593","59.239605","112.195358","38.140839","102.293282"
"2015-02-19","196.779999","59.313251","112.166733","37.981026","102.210075"
"2015-02-20","197.9608","59.865604","112.233513","38.234852","102.228569"
"2015-02-23","197.932663","59.653873","112.223961","37.849403","102.413506"
"2015-02-24","198.494949","60.022099","112.68187","38.39468","102.866608"
"2015-02-25","198.326263","60.06813","112.548317","38.319466","102.940605"
"2015-02-26","198.091995","59.902428","113.149315","38.328865","102.570732"
"2015-02-27","197.417282","59.930042","112.767738","38.300663","102.829651"
"2015-03-02","198.663651","60.022099","113.425957","38.244255","102.3069"
"2015-03-03","197.848312","59.653873","113.015762","37.952816","102.177238"
"2015-03-04","197.014297","59.41452","112.328896","37.539162","102.232811"
"2015-03-05","197.229858","59.552605","112.185791","37.482754","102.279106"
"2015-03-06","194.455902","58.742493","110.754868","36.909279","101.612221"
"2015-03-09","195.261841","58.834553","111.470345","36.768261","101.871559"
"2015-03-10","192.094345","57.554939","109.896309","35.950356","102.112411"
"2015-03-11","191.644501","57.702236","110.573616","36.222984","102.316193"
"2015-03-12","194.08107","58.420284","112.529236","36.448616","102.399544"
"2015-03-13","192.890869","58.07967","111.995018","36.006756","102.205025"
"2015-03-16","195.468018","58.73328","112.223961","36.439213","102.42733"
"2015-03-17","194.887009","58.585987","112.50061","36.862274","102.408798"
"2015-03-18","197.229858","59.837986","113.521339","37.76479","103.159088"
"2015-03-19","196.3302","59.13834","113.454567","37.125511","102.797829"
"2015-03-20","198.062973","60.445576","114.561172","37.680183","103.11277"
"2015-03-23","197.677048","60.749367","114.790123","37.792995","103.131271"
"2015-03-24","196.566269","60.620476","114.885513","37.94342","103.409172"
"2015-03-25","193.685822","60.335098","112.884468","37.341736","103.214645"
"2015-03-26","193.224609","59.810371","112.520401","36.993889","102.84417"
"2015-03-27","193.667007","59.966866","112.894028","37.097301","102.992355"
"2015-03-30","196.029694","60.003693","114.158638","37.811802","103.038651"
"2015-03-31","194.316483","59.073898","113.919128","37.727188","103.214645"
"2015-04-01","193.629333","59.497364","113.813751","38.19725","103.549431"
"2015-04-02","194.325928","60.012894","114.254433","38.770729","103.410217"
"2015-04-06","195.634369","60.620476","114.704712","39.268993","103.475204"
"2015-04-07","195.116638","60.537632","113.785004","39.071564","103.493782"
"2015-04-08","195.775543","60.795391","114.244858","39.889469","103.503014"
"2015-04-09","196.641571","60.878235","113.852051","40.284321","103.243172"
"2015-04-10","197.714645","60.997925","114.311935","40.312534","103.243172"
"2015-04-13","196.820435","60.611275","114.378983","40.077503","103.354553"
"2015-04-14","197.196976","61.06237","114.39814","40.256123","103.465881"
"2015-04-15","198.081802","61.338535","115.499878","40.538155","103.605125"
"2015-04-16","198.025299","61.504238","115.107094","40.8578","103.549431"
"2015-04-17","195.74733","60.730949","113.315575","40.143311","103.63298"
"2015-04-20","197.535858","60.795391","114.56102","40.105698","103.558716"
"2015-04-21","197.300522","61.338535","113.919128","40.340729","103.44735"
"2015-04-22","198.270065","61.458221","114.19696","40.77319","103.141083"
"2015-04-23","198.768921","61.688366","114.790932","41.074024","103.298851"
"2015-04-24","199.230209","62.047386","114.532257","41.224449","103.475204"
"2015-04-27","198.40184","62.351185","113.775421","41.384274","103.512321"
"2015-04-28","199.032516","62.424824","114.810104","41.450077","103.113251"
"2015-04-29","198.213577","61.881683","113.660469","40.93301","102.881248"
"2015-04-30","196.227402","61.228073","111.84021","40.312534","102.881248"
"2015-05-01","198.354767","61.909298","112.386284","40.556957","102.589355"
"2015-05-04","198.919571","61.844864","112.654533","40.791996","102.394119"
"2015-05-05","196.641571","60.924274","111.677345","40.350132","102.301117"
"2015-05-06","195.832031","61.08078","111.773148","39.851871","101.957153"
"2015-05-07","196.613327","60.878235","112.031815","39.795464","102.208183"
"2015-05-08","199.20195","62.286739","112.625793","40.303127","102.542885"
"2015-05-11","198.251236","61.743591","112.673698","39.917679","101.892052"
"2015-05-12","197.658157","61.706764","112.271317","39.78606","101.882751"
"2015-05-13","197.695862","62.167057","112.252167","39.861275","101.873489"
"2015-05-14","199.757355","62.912735","113.449677","40.256123","102.031509"
"2015-05-15","199.973846","62.986385","113.277252","40.566368","102.459206"
"2015-05-18","200.595108","62.774651","114.264023","40.152702","102.068726"
"2015-05-19","200.529221","62.535301","114.005341","40.218513","101.715393"
"2015-05-20","200.388046","62.654976","114.244858","40.190311","101.873489"
"2015-05-21","200.971649","62.986385","114.302322","40.049294","102.18959"
"2015-05-22","200.491592","62.581333","113.564659","40.180916","102.078018"
"2015-05-26","198.335938","61.458221","112.261734","39.541626","102.329048"
"2015-05-27","200.218582","62.056595","113.36348","39.551025","102.431305"
"2015-05-28","199.992661","61.946121","113.488007","39.033966","102.394119"
"2015-05-29","198.750137","61.347744","112.683281","38.657909","102.431305"
"2015-06-01","199.154892","61.182034","113.018578","38.507492","102.14846"
"2015-06-02","198.95723","61.467415","113.497597","38.657909","101.74791"
"2015-06-03","199.48436","61.808029","114.570587","38.460484","101.347343"
"2015-06-04","197.799393","61.145218","113.468849","37.877605","101.561607"
"2015-06-05","197.460526","60.417946","114.014938","37.708385","101.114517"
"2015-06-08","196.189728","60.335098","113.36348","37.708385","101.263527"
"2015-06-09","196.217987","60.003693","113.248512","37.473358","100.974785"
"2015-06-10","198.580704","61.264893","114.896324","37.999825","100.723236"
"2015-06-11","199.230209","61.430595","115.030441","37.858803","101.263527"
"2015-06-12","197.611115","60.942688","114.743034","37.830605","101.142426"
"2015-06-15","196.829865","60.574448","114.082008","37.416943","101.263527"
"2015-06-16","197.912338","60.556042","114.838837","37.416943","101.43119"
"2015-06-17","198.232391","60.427155","114.570587","37.642578","101.440506"
"2015-06-18","200.228012","60.961102","115.62442","37.999825","101.412582"
"2015-06-19","199.405136","60.804604","115.672318","37.661385","101.729271"
"2015-06-22","200.426712","61.992146","116.180077","38.178452","101.226257"
"2015-06-23","200.578049","62.130238","116.802788","38.592102","100.993393"
"2015-06-24","199.121353","61.587093","116.074989","38.310059","101.151718"
"2015-06-25","198.478134","61.56958","116.065384","38.169178","101.03997"
"2015-06-26","198.544373","61.5415","116.017334","37.84716","100.797783"
"2015-06-29","194.354034","59.61306","113.249977","36.975803","101.393944"
"2015-06-30","194.751297","59.435196","113.1539","37.525139","101.328743"
"2015-07-01","196.340424","59.819016","113.643944","37.525139","101.07341"
"2015-07-02","196.103958","59.893898","112.865631","37.676678","101.213371"
"2015-07-06","195.489105","58.686283","112.567757","36.625366","101.577408"
"2015-07-07","196.756622","58.705009","112.394791","36.085503","101.71743"
"2015-07-08","193.46489","57.338253","110.972679","34.816353","101.960091"
"2015-07-09","193.720261","58.255661","111.049561","35.507755","101.586731"
"2015-07-10","196.25528","60.193466","112.365974","36.407528","101.157402"
"2015-07-13","198.411926","60.436855","113.317238","36.66325","101.008064"
"2015-07-14","199.319992","60.923649","113.893776","36.729549","101.176064"
"2015-07-15","199.234879","60.698971","112.875244","36.322285","101.446747"
"2015-07-16","200.786163","61.223217","113.576683","36.757965","101.530739"
"2015-07-17","200.975311","61.138954","112.654236","36.710602","101.540092"
"2015-07-20","201.117203","61.288738","111.827866","36.473827","101.36274"
"2015-07-21","200.303741","61.101509","111.481949","36.483299","101.530739"
"2015-07-22","199.859146","60.633442","111.453133","35.962383","101.577408"
"2015-07-23","198.771362","60.474304","110.040627","35.611942","101.866745"
"2015-07-24","196.690399","59.809647","108.55127","35.100494","101.848099"
"2015-07-27","195.555313","59.369659","107.734505","34.456448","101.978729"
"2015-07-28","197.986298","60.118572","108.445549","34.787941","101.876076"
"2015-07-29","199.367294","60.333881","109.108574","35.12891","101.792099"
"2015-07-30","199.414612","60.287079","109.521751","34.778469","101.801392"
"2015-07-31","199.064621","60.642803","110.098297","35.157322","102.202759"
"2015-08-03","198.383545","60.483669","109.33918","34.560635","102.317642"
"2015-08-04","197.995758","60.530472","109.300751","34.71217","102.009048"
"2015-08-05","198.733566","60.848755","109.665886","34.702698","101.822006"
"2015-08-06","197.078217","60.596004","109.060524","34.399616","101.943581"
"2015-08-07","196.671463","60.483669","108.195732","34.380676","102.121254"
"2015-08-10","199.234879","61.251297","109.781181","34.977367","101.990341"
"2015-08-11","197.371429","60.27771","108.935608","34.191254","102.327011"
"2015-08-12","197.617401","59.856453","108.580086","33.660862","102.261528"
"2015-08-13","197.409302","59.819016","108.282219","33.622974","102.046478"
"2015-08-14","198.033569","59.912624","109.24308","33.651394","101.99968"
"2015-08-17","199.168686","59.800285","109.886887","33.282013","102.177368"
"2015-08-18","198.572723","59.341583","109.367996","32.941044","101.990341"
"2015-08-19","197.012024","58.826706","108.339867","32.505363","102.308319"
"2015-08-20","192.973007","57.403778","106.072174","31.965502","102.46727"
"2015-08-21","186.938187","56.037025","104.95755","31.027847","102.644958"
"2015-08-24","179.295303","54.155392","100.979469","29.654518","102.607544"
"2015-08-25","177.100784","54.670269","99.634239","30.061783","102.364388"
"2015-08-26","184.147751","55.980854","101.930756","31.037321","101.887451"
"2015-08-27","188.385376","56.645512","103.650749","32.410656","102.02774"
"2015-08-28","188.46106","56.56126","104.659668","32.003395","101.934219"
"2015-08-31","186.853043","56.139999","105.015213","32.012859","101.859421"
"2015-09-01","181.395203","54.258366","102.094093","30.810009","102.161514"
"2015-09-02","184.838287","55.063446","103.304825","31.255161","102.030327"
"2015-09-03","185.065247","55.175774","103.506622","31.37829","102.180267"
"2015-09-04","182.170807","53.930721","102.411201","30.440634","102.395798"
"2015-09-08","186.777374","55.512787","104.409836","31.425644","102.152138"
"2015-09-09","184.22345","55.288116","103.295204","31.245689","102.189636"
"2015-09-10","185.254501","55.653214","103.304825","31.567717","102.077179"
"2015-09-11","186.096329","55.643845","103.41053","31.690838","102.199013"
"2015-09-14","185.377411","55.222591","102.968506","31.671896","102.227112"
"2015-09-15","187.713821","55.597038","104.28492","31.946562","101.76796"
"2015-09-16","189.312363","56.448925","105.389954","32.723206","101.683601"
"2015-09-17","188.89621","56.477009","105.236191","32.704262","102.320816"
"2015-09-18","185.752213","55.063446","103.400917","32.041283","102.405159"
"2015-09-21","186.779144","55.04472","103.929398","31.984449","102.133392"
"2015-09-22","184.364029","53.706051","102.497673","31.368816","102.377052"
"2015-09-23","184.078796","53.472015","102.219009","30.895254","102.348907"
"2015-09-24","183.441742","53.312874","102.391991","30.781599","102.423912"
"2015-09-25","183.384674","53.762215","102.412354","30.696358","102.24585"
"2015-09-28","178.66861","52.713745","100.271538","30.014427","102.489494"
"2015-09-29","178.830276","52.657578","99.847229","30.175438","102.648796"
"2015-09-30","182.167618","53.659241","101.052635","31.046795","102.686295"
"2015-10-01","182.681091","53.827744","100.454765","31.217278","102.766136"
"2015-10-02","185.409927","54.745163","101.515518","32.050747","103.075966"
"2015-10-05","188.709274","55.83107","104.553185","32.742149","102.691048"
"2015-10-06","188.062714","55.896606","104.44709","32.685318","102.944542"
"2015-10-07","189.603043","56.598705","105.922523","33.556675","102.869415"
"2015-10-08","191.31456","57.04805","107.417252","33.916592","102.728615"
"2015-10-09","191.428635","57.151024","107.330467","34.039711","102.644096"
"2015-10-12","191.609299","57.038689","107.397972","33.783989","102.907005"
"2015-10-13","190.401749","56.317863","106.279327","33.234653","102.916382"
"2015-10-14","189.488953","56.430199","105.228218","33.490376","103.3013"
"2015-10-15","192.398483","57.394417","107.243675","34.304909","103.160461"
"2015-10-16","193.273224","57.347614","106.944725","34.333321","103.057182"
"2015-10-19","193.368301","57.151024","106.886856","33.982887","103.160461"
"2015-10-20","193.121078","56.916988","107.494385","33.973412","102.953926"
"2015-10-21","191.92305","56.888905","105.912895","33.480907","103.198036"
"2015-10-22","195.117828","57.53484","106.935081","34.17231","103.216812"
"2015-10-23","197.314209","58.115246","107.822266","34.371208","103.038429"
"2015-10-26","196.810303","57.88121","107.262962","34.058655","103.085365"
"2015-10-27","196.410934","57.366337","105.797165","33.689274","103.226173"
"2015-10-28","198.664368","57.768875","108.825188","33.282013","102.925758"
"2015-10-29","198.616837","57.328896","107.966919","32.969456","102.48452"
"2015-10-30","197.704025","57.207191","107.687256","33.026283","102.756767"
"2015-11-02","200.043076","57.750149","109.519501","33.679802","102.554146"
"2015-11-03","200.623032","57.73143","110.233116","34.124954","102.366028"
"2015-11-04","200.033569","57.413143","109.847382","33.850288","102.366028"
"2015-11-05","199.81488","57.310165","110.319893","33.907108","102.319"
"2015-11-06","199.710281","57.04805","110.792412","33.433548","101.829803"
"2015-11-09","197.846664","56.458286","109.239838","32.600079","101.763962"
"2015-11-10","198.303055","56.420841","109.53878","32.458012","101.95211"
"2015-11-11","197.523392","56.711044","108.59375","32.524311","101.820419"
"2015-11-12","194.766006","55.971497","106.41433","32.211761","101.914467"
"2015-11-13","192.579117","55.503433","105.710381","31.766611","102.112038"
"2015-11-16","195.50766","56.205532","107.012222","32.38224","102.196693"
"2015-11-17","195.365005","56.355309","106.501122","32.287525","102.271935"
"2015-11-18","198.464706","56.870182","108.111572","32.637962","102.196693"
"2015-11-19","198.293549","57.160389","107.812622","32.931576","102.243721"
"2015-11-20","199.016159","57.029324","108.458748","33.263073","102.177887"
"2015-11-23","198.787979","56.673599","108.863762","32.950516","102.206108"
"2015-11-24","199.05423","56.682957","109.808807","33.121002","102.300171"
"2015-11-25","199.025696","56.814014","110.319893","32.86528","102.347206"
"2015-11-27","199.253891","56.823376","110.512772","32.145458","102.319"
"2015-11-30","198.426666","56.776573","110.348831","32.192822","102.356583"
"2015-12-01","200.318787","57.375698","111.072075","32.439068","102.518578"
"2015-12-02","198.274551","56.767208","109.982376","32.050747","102.396118"
"2015-12-03","195.498108","56.495728","108.410515","31.870798","101.642448"
"2015-12-04","199.310913","56.954437","109.239838","32.088631","101.972176"
"2015-12-07","198.103409","56.589348","107.571548","31.558243","102.122925"
"2015-12-08","196.772217","55.756184","106.597565","31.207808","102.160599"
"2015-12-09","195.241425","55.503433","105.343918","30.952082","102.160599"
"2015-12-10","195.745361","55.512787","105.411423","30.74371","102.141762"
"2015-12-11","191.951584","54.454952","103.357399","29.881826","102.396118"
"2015-12-14","192.921417","54.5392","102.88488","30.364864","101.915649"
"2015-12-15","194.946655","54.810684","104.196381","30.828955","101.925079"
"2015-12-16","197.799103","55.915325","105.710381","31.435118","101.746078"
"2015-12-17","194.785019","55.203861","104.572464","31.027847","101.887398"
"2015-12-18","191.314514","54.623459","102.865585","30.92367","102.104065"
"2015-12-21","192.892685","54.876888","103.521324","31.164946","102.009872"
"2015-12-22","194.643021","55.292404","105.035339","31.415035","101.934494"
"2015-12-23","197.05336","56.21788","106.665062","31.857498","101.915649"
"2015-12-24","196.728149","56.123447","106.833023","31.742071","101.965065"
"2015-12-28","196.27861","55.991238","106.155144","31.520838","101.965065"
"2015-12-29","198.373276","56.548412","107.113838","31.549696","101.710159"
"2015-12-30","196.967285","56.208439","106.029251","31.059137","101.691284"
"2015-12-31","194.996918","55.45295","104.741287","30.962948","101.965065"
"2016-01-04","192.270966","54.603027","102.736717","30.116493","101.927307"
"2016-01-05","192.596176","54.518032","102.940086","30.183823","101.97451"
"2016-01-06","190.166733","53.620884","101.62307","29.606697","102.361565"
"2016-01-07","185.60434","52.506542","98.979355","28.692909","102.352119"
"2016-01-08","183.567032","51.873814","97.139404","28.385109","102.57869"
"2016-01-11","183.748795","52.091019","97.071609","28.37549","102.286026"
"2016-01-12","185.231293","52.336552","96.984474","28.433203","102.512604"
"2016-01-13","180.611511","51.524403","94.505386","28.135021","102.748604"
"2016-01-14","183.576599","52.185455","95.841759","28.500532","102.710846"
"2016-01-15","179.63591","50.296726","94.486015","27.375132","102.83358"
"2016-01-19","179.875031","50.759472","93.294884","27.779121","102.729721"
"2016-01-20","177.569931","49.607346","93.595093","27.17314","102.814713"
"2016-01-21","178.564651","49.975643","93.517624","27.278944","102.673096"
"2016-01-22","182.227982","51.448853","95.522194","28.211971","102.748604"
"2016-01-25","179.473343","50.759472","93.37236","27.73103","102.691971"
"2016-01-26","181.92189","51.666058","95.919243","28.135021","102.824142"
"2016-01-27","179.941986","51.335529","94.805588","28.03883","102.843018"
"2016-01-28","180.879349","51.486629","95.328522","28.481295","102.927994"
"2016-01-29","185.288696","52.393215","98.611359","29.404701","103.230087"
"2016-02-01","185.221741","52.336552","98.010971","29.125757","103.105217"
"2016-02-02","181.883652","51.118328","95.977333","28.183113","103.417404"
"2016-02-03","182.974014","51.543289","96.616478","28.981472","103.407936"
"2016-02-04","183.260971","51.609394","97.313713","29.202707","103.512001"
"2016-02-05","179.769806","50.816132","95.657761","28.866049","103.417404"
"2016-02-08","177.34993","49.871773","95.328522","28.471678","103.814728"
"2016-02-09","177.359482","49.295708","94.563477","28.077307","103.805244"
"2016-02-10","177.206451","49.239048","94.147079","28.19273","104.060677"
"2016-02-11","174.901367","48.521332","92.810684","27.721409","104.126907"
"2016-02-12","178.507278","49.371254","94.582855","28.202349","103.843086"
"2016-02-16","181.520187","50.37228","96.606796","28.827574","103.587677"
"2016-02-17","184.485275","51.241093","97.739815","29.395082","103.530937"
"2016-02-18","183.72963","50.976673","97.652649","29.221943","103.843086"
"2016-02-19","183.643555","50.92001","97.788231","29.08728","103.862007"
"2016-02-22","186.302567","51.496071","98.950294","29.808693","103.890388"
"2016-02-23","183.949631","50.65559","98.253067","29.173849","103.909309"
"2016-02-24","184.791321","50.476166","99.347336","29.106522","103.947151"
"2016-02-25","187.029465","51.080551","100.218887","29.202707","104.212013"
"2016-02-26","186.599075","50.948341","100.499718","28.914143","104.02285"
"2016-02-29","185.135651","50.646149","100.66436","29.16423","104.145828"
"2016-03-01","189.487625","51.968254","102.368736","30.203062","103.833496"
"2016-03-02","190.338898","52.32711","103.734169","30.607052","103.719765"
"2016-03-03","191.084915","52.837067","105.167381","30.953331","103.842972"
"2016-03-04","191.70665","53.224258","105.91304","31.568933","103.681831"
"2016-03-07","191.859695","53.158154","107.627106","31.520838","103.653389"
"2016-03-08","189.764999","52.638756","104.934959","30.982187","103.909332"
"2016-03-09","190.702347","52.837067","105.612831","31.174564","103.861931"
"2016-03-10","190.855408","52.752075","104.876869","31.222654","103.909332"
"2016-03-11","193.935242","54.13084","106.987946","31.876738","103.719765"
"2016-03-14","193.686539","54.017517","106.532822","31.684359","103.776627"
"2016-03-15","193.370911","53.507565","105.060852","31.232277","103.681831"
"2016-03-16","194.48999","53.97974","105.845253","31.857498","104.127357"
"2016-03-17","195.723862","54.395264","108.324333","32.559669","104.345367"
"2016-03-18","196.492615","54.300827","109.224937","32.732811","104.430656"
"2016-03-21","196.771393","54.215832","108.924751","32.80014","104.203178"
"2016-03-22","196.665649","54.121399","108.459908","32.723194","104.136833"
"2016-03-23","195.367767","53.573666","106.557449","32.165298","104.364319"
"2016-03-24","195.281235","53.214809","107.150299","32.088348","104.37381"
"2016-03-28","195.396591","53.535896","107.1017","32.194153","104.449608"
"2016-03-29","197.204041","54.111958","109.978493","32.636616","104.762459"
"2016-03-30","198.069305","54.518032","110.036789","32.973278","104.724533"
"2016-03-31","197.588623","53.97974","110.133995","32.944427","105.05629"
"2016-04-01","198.93457","53.403683","110.114548","32.848236","104.962769"
"2016-04-04","198.290451","53.290363","108.792793","32.453865","105.067245"
"2016-04-05","196.309921","52.242119","107.296089","31.819023","105.209732"
"2016-04-06","198.453857","53.092045","107.908379","32.203777","105.190735"
"2016-04-07","196.079178","52.317669","106.324211","31.559315","105.418671"
"2016-04-08","196.607986","53.318691","107.033669","32.107586","105.314194"
"2016-04-11","196.146515","53.347023","107.11142","32.521198","105.390175"
"2016-04-12","197.973175","54.140285","108.374878","33.021374","105.219223"
"2016-04-13","199.972916","54.999653","110.785149","33.608116","105.266701"
"2016-04-14","199.982513","55.179085","110.619926","33.444603","105.086243"
"2016-04-15","199.761368","55.056316","110.979538","33.252228","105.380699"
"2016-04-18","201.165054","55.528496","111.747314","33.406128","105.371185"
"2016-04-19","201.799576","56.491745","112.456795","33.915924","105.361694"
"2016-04-20","201.991867","56.538963","112.417915","33.762024","105.10524"
"2016-04-21","200.905472","56.198994","111.543221","33.425362","104.962769"
"2016-04-22","200.905472","56.227329","112.835823","33.223373","104.972275"
"2016-04-25","200.559357","55.944019","111.931984","33.011753","104.858284"
"2016-04-26","200.857407","56.142338","113.642494","33.367649","104.810814"
"2016-04-27","201.270798","56.180107","114.371407","33.569645","105.124237"
"2016-04-28","199.444107","55.415173","112.991333","33.223373","105.333199"
"2016-04-29","198.367355","55.179085","112.476234","33.079082","105.323708"
"2016-05-02","199.944061","55.698483","113.039917","32.992516","105.252518"
"2016-05-03","198.203903","54.782448","111.377998","32.059494","105.442818"
"2016-05-04","197.098251","54.149731","110.794861","31.540079","105.49041"
"2016-05-05","197.05983","54.036411","110.027077","31.53046","105.756836"
"2016-05-06","197.780884","54.187508","111.076721","31.57855","105.595062"
"2016-05-09","197.944336","54.074181","110.522743","31.174564","105.661697"
"2016-05-10","200.405518","54.84856","111.757034","31.770929","105.709244"
"2016-05-11","198.530792","54.376377","110.454697","31.693981","105.709244"
"2016-05-12","198.58847","54.357491","110.056244","31.607409","105.614105"
"2016-05-13","196.857925","53.80032","108.909409","31.039902","105.813927"
"2016-05-16","198.800003","54.442486","109.968765","31.415035","105.633148"
"2016-05-17","196.944458","54.045853","108.229095","31.270748","105.49041"
"2016-05-18","197.002151","54.064739","108.452621","30.962948","105.052658"
"2016-05-19","196.31955","53.677551","107.684853","30.674385","105.119286"
"2016-05-20","197.559738","54.121399","109.337044","30.982187","105.185898"
"2016-05-23","197.290573","53.941971","109.084351","30.924477","105.16687"
"2016-05-24","199.847931","54.725792","111.144745","31.241896","105.109779"
"2016-05-25","201.203522","55.301849","111.961136","31.617029","105.128807"
"2016-05-26","201.261169","55.45295","111.679276","31.828642","105.290588"
"2016-05-27","202.12645","55.396286","112.670609","31.819023","105.271545"
"2016-05-31","201.741898","55.131866","112.971893","31.857498","105.338158"
"2016-06-01","202.155289","55.084648","113.720245","31.838259","105.279182"
"2016-06-02","202.770615","55.084648","114.264511","32.097969","105.546173"
"2016-06-03","202.164902","55.443504","113.739685","32.588528","106.11824"
"2016-06-06","203.193619","55.755146","115.236374","32.934807","105.97522"
"2016-06-07","203.510864","56.161221","115.673721","33.232986","106.070557"
"2016-06-08","204.17424","56.274548","116.577583","33.473457","106.108688"
"2016-06-09","203.895462","55.585159","115.936142","33.088703","106.184975"
"2016-06-10","201.963013","53.970303","114.400566","32.251869","106.327965"
"2016-06-13","200.405518","53.186478","113.049644","31.799784","106.413803"
"2016-06-14","200.011337","52.336552","112.981606","31.693981","106.366119"
"2016-06-15","199.732559","52.685966","113.001045","32.03064","106.594955"
"2016-06-16","200.328613","52.799294","112.981606","31.915209","106.661705"
"2016-06-17","199.582993","53.318691","113.244026","32.001781","106.585419"
"2016-06-20","200.868301","54.640797","114.546341","32.56929","106.289864"
"2016-06-21","201.438477","55.084648","114.264","32.819378","106.21357"
"2016-06-22","201.109924","55.050743","113.698479","32.902733","106.280327"
"2016-06-23","203.728851","56.573505","115.814293","33.697674","106.099152"
"2016-06-24","196.413162","51.716087","111.689911","31.652159","106.671219"
"2016-06-27","192.895432","50.7234","108.00428","31.244995","107.100281"
"2016-06-28","196.374496","52.053406","109.174324","32.165958","107.233749"
"2016-06-29","199.718262","53.007542","111.46566","32.980289","107.157478"
"2016-06-30","202.443527","53.79784","113.912987","33.309902","107.376755"
"2016-07-01","202.868774","53.79784","114.322495","33.62981","107.608398"
"2016-07-05","201.4095","52.756966","112.430931","32.912426","107.894974"
"2016-07-06","202.617508","52.660583","112.976959","32.825176","108.095581"
"2016-07-07","202.491867","52.448555","113.025703","32.737926","108.01915"
"2016-07-08","205.507065","53.248486","115.843544","33.445621","108.181549"
"2016-07-11","206.231857","54.029144","117.237839","33.765533","107.894974"
"2016-07-12","207.729797","54.761612","119.080658","34.240559","107.570175"
"2016-07-13","207.700821","54.703785","118.992905","34.182392","107.72303"
"2016-07-14","208.860504","55.176037","119.070908","34.676807","107.627495"
"2016-07-15","208.580246","54.896542","119.441414","34.599251","107.235847"
"2016-07-18","209.140762","55.031467","119.577919","34.90947","107.254959"
"2016-07-19","208.928162","54.597771","118.807648","34.550774","107.474663"
"2016-07-20","209.797943","55.089291","119.33416","34.725281","107.37915"
"2016-07-21","209.005463","54.867626","118.778389","34.618637","107.474663"
"2016-07-22","209.942902","54.973644","119.480415","34.870697","107.493767"
"2016-07-25","209.372681","54.906181","119.041649","34.521698","107.369576"
"2016-07-26","209.469345","55.137486","119.831436","34.793137","107.369576"
"2016-07-27","209.247086","55.339874","120.006927","34.90947","107.68483"
"2016-07-28","209.488663","55.282051","119.34391","34.919167","107.67527"
"2016-07-29","209.82692","55.937416","119.675415","35.103359","107.961853"
"2016-08-01","209.652954","55.571182","119.499908","35.0355","107.709854"
"2016-08-02","208.309662","55.291687","117.657112","34.783443","107.394058"
"2016-08-03","208.918472","55.09893","118.349373","34.89978","107.508873"
"2016-08-04","209.140762","55.416977","118.203133","35.093666","107.709854"
"2016-08-05","210.851318","55.667561","120.016685","35.500828","107.346214"
"2016-08-08","210.725677","55.783211","120.221436","35.752884","107.413177"
"2016-08-09","210.851318","56.226547","120.133682","35.995247","107.690704"
"2016-08-10","210.329453","56.419304","119.636414","36.004932","107.815125"
"2016-08-11","211.305527","56.824085","120.289688","36.470264","107.528023"
"2016-08-12","211.121902","56.67952","120.045929","36.334545","107.7864"
"2016-08-15","211.730728","56.901192","121.225716","36.712627","107.595024"
"2016-08-16","210.638733","56.814449","120.465202","36.547825","107.528023"
"2016-08-17","211.034927","56.795174","120.192192","36.315155","107.729012"
"2016-08-18","211.508484","57.084305","120.933212","36.654457","107.882111"
"2016-08-19","211.199203","56.660248","120.981956","36.450878","107.64286"
"2016-08-22","211.189575","56.718071","121.245224","35.966156","107.805565"
"2016-08-23","211.614777","56.959011","122.064247","35.820744","107.834251"
"2016-08-24","210.532425","56.824085","121.215973","35.917686","107.79599"
"2016-08-25","210.387405","56.592781","121.67424","35.946774","107.68116"
"2016-08-26","209.99118","56.255463","121.128227","35.636547","107.508873"
"2016-08-29","211.025269","56.428936","121.781494","35.907993","107.805565"
"2016-08-30","210.677368","56.351837","121.732735","35.81105","107.748146"
"2016-08-31","210.078171","56.236187","121.030716","35.413578","107.729012"
"2016-09-01","210.087845","56.621696","120.942963","35.685024","107.822548"
"2016-09-02","211.034927","57.277061","122.473763","36.266685","107.678711"
"2016-09-06","211.67276","57.662571","122.288513","37.042233","107.908829"
"2016-09-07","211.653427","57.691483","123.058792","36.925907","107.966339"
"2016-09-08","211.170212","57.527641","122.815025","36.82896","107.592453"
"2016-09-09","206.115921","56.409664","118.895401","35.588078","107.122635"
"2016-09-12","209.073105","56.872272","120.221436","35.830437","107.208946"
"2016-09-13","206.067566","55.725388","117.920364","34.928856","106.911713"
"2016-09-14","205.990234","55.648285","117.354851","35.0355","107.045952"
"2016-09-15","208.048706","56.130169","118.79789","35.636547","107.113068"
"2016-09-16","207.244568","55.407341","118.573639","35.394188","107.189781"
"2016-09-19","207.283401","55.696472","119.441414","35.675327","107.10347"
"2016-09-20","207.293106","56.033794","118.817398","35.694717","107.141815"
"2016-09-21","209.624222","57.016842","120.708961","36.693237","107.410271"
"2016-09-22","210.94519","57.595108","122.707771","36.954983","107.630783"
"2016-09-23","209.789352","57.113216","121.781494","36.479961","107.602028"
"2016-09-26","208.089584","56.583141","120.512917","35.946774","107.736237"
"2016-09-27","209.381424","56.853004","120.571609","36.460575","107.870483"
"2016-09-28","210.420685","57.257786","122.019211","36.790184","107.899254"
"2016-09-29","208.516937","56.54459","120.718323","36.150352","107.899254"
"2016-09-30","210.090439","56.98793","122.077888","36.305462","107.784187"
"2016-10-03","209.585373","56.833725","121.706215","36.557518","107.662354"
"2016-10-04","208.516937","56.824085","120.923721","36.150352","107.297363"
"2016-10-05","209.439682","57.055397","121.715996","36.673851","107.153297"
"2016-10-06","209.585373","56.746986","121.637749","36.70293","107.153297"
"2016-10-07","208.866623","56.457855","120.483582","36.538128","107.172508"
"2016-10-10","209.954468","56.621696","121.755119","36.935596","107.124481"
"2016-10-11","207.302841","55.821762","119.886932","36.082493","106.961182"
"2016-10-12","207.574814","55.696472","120.229271","36.014629","106.999603"
"2016-10-13","206.894897","55.48444","118.840355","35.694717","107.153297"
"2016-10-14","207.00174","55.580818","118.722977","35.752884","106.970787"
"2016-10-17","206.283005","55.416977","118.498024","35.714104","107.153297"
"2016-10-18","207.574814","55.966331","119.094673","36.344242","107.326164"
"2016-10-19","208.128418","56.120537","119.847809","36.567211","107.383812"
"2016-10-20","207.739929","56.207272","119.133781","36.460575","107.345383"
"2016-10-21","207.837051","56.081982","118.86969","36.450878","107.412628"
"2016-10-24","208.720932","56.072346","119.789124","36.605988","107.249352"
"2016-10-25","208.021591","56.033794","118.86969","36.644768","107.249352"
"2016-10-26","207.603958","55.783211","118.253487","36.256992","107.038033"
"2016-10-27","207.050293","55.715752","117.226463","35.946774","106.769089"
"2016-10-28","206.43837","55.696472","116.845009","35.801353","106.769089"
"2016-10-31","206.448105","55.725388","117.510117","36.004932","106.903564"
"2016-11-01","204.952316","55.48444","115.886467","35.714104","106.845596"
"2016-11-02","203.718765","55.10857","114.654045","35.287556","106.970703"
"2016-11-03","202.786346","55.050743","114.536667","35.190609","106.826355"
"2016-11-04","202.562943","54.520668","115.152878","34.831917","107.047668"
"2016-11-07","207.030869","55.272411","117.940498","36.092186","106.922569"
"2016-11-08","207.963318","55.426617","118.224152","36.324856","106.749374"
"2016-11-09","210.168152","55.474804","121.999657","35.142136","105.758171"
"2016-11-10","210.692657","55.320602","124.52317","34.143616","105.325134"
"2016-11-11","210.207016","54.98328","127.760704","33.494091","105.132675"
"2016-11-14","210.372131","54.684509","130.00061","33.251728","104.709244"
"2016-11-15","212.013611","54.925457","130.342926","33.920647","104.78624"
"2016-11-16","211.615372","54.347187","130.538559","33.639507","105.017181"
"2016-11-17","212.703232","54.761612","130.83197","33.687977","104.62265"
"2016-11-18","212.227295","54.164074","131.223236","33.532867","104.285843"
"2016-11-21","213.829926","54.626686","131.839417","33.86248","104.372437"
"2016-11-22","214.247574","54.761612","134.001053","34.376278","104.468674"
"2016-11-23","214.36412","54.568855","134.705276","34.007896","104.102989"
"2016-11-25","215.160583","54.7327","135.164993","34.172703","104.093369"
"2016-11-28","214.150452","54.443569","133.560913","34.308422","104.459061"
"2016-11-29","214.568115","54.790524","133.541351","34.356892","104.574524"
"2016-11-30","214.053329","54.7327","133.189224","34.415054","104.160736"
"2016-12-01","213.266586","54.520668","132.954453","34.007896","103.817436"
"2016-12-02","213.373398","54.655598","133.218552","34.046669","104.145195"
"2016-12-05","214.655518","55.195309","135.712723","34.327805","104.232002"
"2016-12-06","215.335419","55.571182","137.170135","34.512001","104.21273"
"2016-12-07","218.152176","56.400028","138.744888","35.093666","104.482674"
"2016-12-08","218.686371","56.351837","141.023895","35.248779","104.289848"
"2016-12-09","220.007324","56.592781","141.434677","35.064575","103.971703"
"2016-12-12","219.754807","56.342201","139.899063","34.831917","103.875267"
"2016-12-13","221.221451","56.949375","139.840363","35.219692","104.010239"
"2016-12-14","219.395416","56.110897","137.923279","34.172703","103.441414"
"2016-12-15","220.298721","55.985603","139.233948","34.230865","103.316101"
"2016-12-16","219.867783","56.024155","138.461243","34.075756","103.383575"
"2016-12-19","220.346527","55.937416","139.008987","33.84309","103.653542"
"2016-12-20","221.196548","56.130169","140.515274","33.959423","103.557114"
"2016-12-21","220.581024","56.14592","139.649597","33.818432","103.778854"
"2016-12-22","220.199982","56.019333","138.049408","33.416412","103.777573"
"2016-12-23","220.522385","56.165398","138.49118","33.612518","103.806557"
"2016-12-27","221.069519","56.097233","139.315811","33.759598","103.72924"
"2016-12-28","219.242477","55.883011","137.80397","34.014534","103.893524"
"2016-12-29","219.193649","56.019333","138.059219","34.573437","104.21244"
"2016-12-30","218.392487","56.214081","137.450531","34.328304","104.425026"
"2017-01-03","220.063202","56.564629","138.500992","34.740124","104.531326"
"2017-01-04","221.372406","57.207298","141.04364","35.004871","104.560326"
"2017-01-05","221.196548","57.694168","138.61879","35.387272","104.995178"
"2017-01-06","221.987915","57.49942","137.882523","35.240192","104.647278"
"2017-01-09","221.255173","57.411781","136.42955","35.210781","104.821236"
"2017-01-10","221.255173","57.42152","137.695953","35.416691","104.792259"
"2017-01-11","221.880432","57.723377","138.177032","35.838318","104.917885"
"2017-01-12","221.323547","57.811016","136.567017","35.995201","104.956528"
"2017-01-13","221.831589","58.025242","137.558517","35.96579","104.772911"
"2017-01-17","221.049988","57.811016","135.899414","35.946178","105.130493"
"2017-01-18","221.538483","57.645485","136.282303","35.750069","104.67627"
"2017-01-19","220.717804","57.49942","134.7901","35.642212","104.405708"
"2017-01-20","221.528717","57.83049","135.516541","35.710846","104.444359"
"2017-01-23","220.952255","57.976555","134.819519","36.240334","104.734268"
"2017-01-24","222.368958","58.122612","136.82225","36.465855","104.569984"
"2017-01-25","224.293686","58.726337","138.383179","36.86787","104.289742"
"2017-01-26","224.059204","58.492634","137.411285","36.710987","104.357384"
"2017-01-27","223.707458","58.395264","136.783005","36.740406","104.444359"
"2017-01-30","222.320099","57.976555","134.701736","36.5443","104.396027"
"2017-01-31","222.300568","58.06419","135.791443","36.612938","104.647278"
"2017-02-01","222.388489","58.297886","135.595093","36.632545","104.50016"
"2017-02-02","222.535049","58.327103","134.966782","36.789429","104.55825"
"2017-02-03","224.068954","58.560799","137.077515","37.01495","104.587311"
"2017-02-06","223.668365","58.14209","135.820908","36.926704","104.887466"
"2017-02-07","223.678146","58.083664","135.251495","36.740406","104.994003"
"2017-02-08","223.971252","58.181042","135.006088","36.965927","105.294174"
"2017-02-09","225.300003","58.424477","137.224747","37.132614","105.042419"
"2017-02-10","226.189072","58.560799","138.422455","37.475803","105.023056"
"2017-02-13","227.42012","58.794495","138.510803","37.593464","104.868118"
"2017-02-14","228.328751","58.70686","138.95256","37.632687","104.635727"
"2017-02-15","229.520721","58.93082","139.777222","37.936649","104.471123"
"2017-02-16","229.325317","59.067142","139.207825","37.799377","104.693825"
"2017-02-17","229.686798","58.911343","138.98204","37.64249","104.926224"
"2017-02-21","231.054626","59.106094","140.209198","38.054314","104.916527"
"2017-02-22","230.849457","59.106094","139.659409","38.171978","104.984322"
"2017-02-23","231.005798","59.232681","138.766052","38.181778","105.1586"
"2017-02-24","231.298874","58.804234","138.775864","37.73074","105.545937"
"2017-02-27","231.66037","58.843185","140.012817","37.613075","105.352287"
"2017-02-28","231.03508","58.755547","137.627274","37.250282","105.323227"
"2017-03-01","234.268982","59.369003","140.150269","37.828793","104.828392"
"2017-03-02","232.793716","58.979507","138.766052","37.162033","104.634323"
"2017-03-03","232.940277","59.330051","138.09848","37.446381","104.711945"
"2017-03-06","232.246582","59.145042","136.783005","37.465996","104.663437"
"2017-03-07","231.552902","58.940556","135.673645","37.505219","104.527588"
"2017-03-08","231.123016","58.726337","134.750824","37.152225","104.275337"
"2017-03-09","231.416107","58.950294","133.886902","36.858067","103.955139"
"2017-03-10","232.227036","59.446899","134.534836","37.26989","104.110382"
"2017-03-13","232.344284","59.758499","134.85881","37.789574","103.935738"
"2017-03-14","231.455185","59.300842","134.534836","37.573856","103.974556"
"2017-03-15","233.458084","60.147995","136.488449","38.554382","104.576126"
"2017-03-16","232.998871","60.440117","136.841873","38.789711","104.459679"
"2017-03-17","232.589691","60.595917","137.362198","38.721073","104.682838"
"2017-03-20","232.334564","60.46933","136.508102","39.172115","104.838074"
"2017-03-21","229.351517","60.196682","133.101532","38.740681","105.051559"
"2017-03-22","229.89122","60.206425","132.620483","38.926983","105.19709"
"2017-03-23","229.645889","60.342747","133.651306","38.936787","105.226204"
"2017-03-24","229.47908","60.508278","133.358398","39.034843","105.138863"
"2017-03-27","229.243576","60.664078","133.516174","38.926983","105.391151"
"2017-03-28","230.911743","60.9562","134.689728","39.034843","105.148575"
"2017-03-29","231.127609","60.9562","135.212372","39.103481","105.381439"
"2017-03-30","231.863556","60.741982","136.395782","38.897568","105.187393"
"2017-03-31","231.323868","60.654343","136.731064","38.623016","105.265007"
"2017-04-03","230.921555","60.566704","134.019135","38.838734","105.655853"
"2017-04-04","231.068726","60.54723","134.078308","38.858345","105.558632"
"2017-04-05","230.381851","60.225895","132.737137","38.740681","105.675316"
"2017-04-06","231.029495","60.23563","134.19664","38.672047","105.665573"
"2017-04-07","230.793991","60.196682","134.009277","38.603409","105.432251"
"2017-04-10","230.931351","60.128521","134.739029","38.446526","105.568344"
"2017-04-11","230.656616","60.410908","135.873108","38.358276","105.869759"
"2017-04-12","229.645889","60.362221","133.812027","38.544575","106.103096"
"2017-04-13","228.154373","59.972721","132.263779","38.377888","106.239212"
"2017-04-17","230.175781","60.342747","133.683838","38.779903","106.180878"
"2017-04-18","229.488892","60.070095","133.89093","38.289639","106.608688"
"2017-04-19","229.06694","59.82666","134.512222","38.054314","106.44339"
"2017-04-20","230.931351","60.303795","136.425354","38.524967","106.278107"
"2017-04-21","230.195404","60.342747","135.853378","38.524967","106.307281"
"2017-04-24","232.727081","61.871517","137.441101","39.074059","106.151703"
"2017-04-25","234.081223","62.309704","138.624512","39.417248","105.801697"
"2017-04-26","233.934036","62.13443","139.630371","39.270168","105.937813"
"2017-04-27","234.130295","62.192852","139.462723","39.221142","106.035042"
"2017-04-28","233.620026","62.124687","137.431244","39.279972","106.21978"
"2017-05-01","234.208786","62.377861","137.78627","39.505493","105.945984"
"2017-05-02","234.297104","62.699196","137.441101","39.789852","106.09211"
"2017-05-03","234.012527","62.572613","136.622589","39.525105","105.984955"
"2017-05-04","234.287262","63.166599","136.277435","39.083866","105.897255"
"2017-05-05","235.209671","63.867687","137.381927","39.40744","105.91674"
"2017-05-08","235.170425","63.390553","136.879013","39.397636","105.712105"
"2017-05-09","234.954544","63.234756","137.095963","39.897705","105.72187"
"2017-05-10","235.376495","63.33213","137.953903","40.162445","105.751091"
"2017-05-11","234.895691","63.176331","136.681763","40.250694","105.741333"
"2017-05-12","234.503159","63.526878","135.380035","40.417389","106.131104"
"2017-05-15","235.798447","63.848217","136.267578","40.829205","106.09211"
"2017-05-16","235.58255","64.257187","136.011169","40.868431","106.228539"
"2017-05-17","231.402374","63.526878","132.845596","40.172253","106.774208"
"2017-05-18","232.334564","63.633987","133.013229","39.505493","106.715752"
"2017-05-19","233.845703","64.374031","133.772583","40.348751","106.715752"
"2017-05-22","235.033051","64.451935","134.896805","40.387966","106.647545"
"2017-05-23","235.553131","64.46167","135.251816","40.427193","106.442902"
"2017-05-24","236.102631","64.50061","135.143356","40.584076","106.628036"
"2017-05-25","237.231094","64.50061","135.389877","40.780182","106.676781"
"2017-05-26","237.182053","64.315613","135.281418","40.927261","106.637794"
"2017-05-30","236.975983","64.247444","134.433319","40.711544","106.842422"
"2017-05-31","236.917084","64.32534","134.324844","40.397778","106.9496"
"2017-06-01","238.801132","64.744049","136.869125","40.740963","106.900772"
"2017-06-02","239.595947","65.454887","137.332626","40.946873","107.252289"
"2017-06-05","239.419327","65.094604","136.36618","40.897842","107.086296"
"2017-06-06","238.653946","64.909592","135.892838","40.917454","107.301117"
"2017-06-07","239.09552","64.92907","135.961868","40.868431","107.174179"
"2017-06-08","239.213242","64.81221","137.825714","41.11356","107.066772"
"2017-06-09","238.850204","64.568779","139.571213","40.799793","106.978882"
"2017-06-12","238.801132","64.32534","139.462723","40.584076","106.978882"
"2017-06-13","239.968826","64.821953","139.965652","40.780182","107.008163"
"2017-06-14","239.664642","64.773262","139.423309","40.770378","107.349945"
"2017-06-15","239.20343","64.101387","138.762573","40.348751","107.281586"
"2017-06-16","239.255707","64.646675","137.78627","40.417389","107.349945"
"2017-06-19","241.247528","64.909592","138.220184","40.819401","107.203468"
"2017-06-20","239.620544","64.387131","136.484528","40.36824","107.369461"
"2017-06-21","239.561371","64.307968","135.468781","40.456898","107.388985"
"2017-06-22","239.452911","64.29808","135.961868","40.663761","107.437813"
"2017-06-23","239.738861","64.456398","137.086075","40.880478","107.457336"
"2017-06-26","239.896622","64.565247","137.569321","41.274509","107.554993"
"2017-06-27","237.963989","64.555344","136.893738","40.791821","107.232765"
"2017-06-28","240.093857","65.119362","138.990677","41.107044","107.27182"
"2017-06-29","237.983704","64.476189","138.387299","40.584957","107.066772"
"2017-06-30","238.427414","64.515762","138.298279","40.772121","106.930054"
"2017-07-03","238.831711","64.436607","139.831406","41.008537","106.739273"
"2017-07-05","239.383896","64.436607","138.674149","40.929733","106.797981"
"2017-07-06","237.194855","64.149651","136.77504","40.437195","106.592506"
"2017-07-07","238.733093","64.159546","138.120239","40.516003","106.553368"
"2017-07-10","238.989456","64.317863","137.408066","40.900181","106.60228"
"2017-07-11","238.811981","64.466293","137.497086","41.235104","106.700142"
"2017-07-12","240.606583","64.980835","138.595001","42.033012","107.023026"
"2017-07-13","241.01088","65.168846","139.208282","42.23988","106.905602"
"2017-07-14","242.134964","65.624016","139.425888","42.771816","107.013245"
"2017-07-17","242.105377","65.495384","139.979782","42.574802","107.062157"
"2017-07-18","242.233566","65.554749","139.435776","42.702862","107.30677"
"2017-07-19","243.545029","65.841705","141.087601","43.057487","107.336121"
"2017-07-20","243.653503","66.108871","141.364532","43.008232","107.365479"
"2017-07-21","243.436569","65.851601","140.632584","42.978683","107.551392"
"2017-07-24","243.377411","65.673492","140.355652","43.106739","107.453545"
"2017-07-25","243.969025","65.762543","141.740417","42.998386","107.071945"
"2017-07-26","243.978897","66.168243","140.484238","43.353008","107.277435"
"2017-07-27","243.752106","66.019821","140.049011","43.116592","107.120865"
"2017-07-28","243.466156","66.089081","139.742386","43.096889","107.336121"
"2017-07-31","243.32811","66.227615","139.336853","43.146145","107.287209"
"2017-08-01","243.870422","66.593735","139.781967","43.274204","107.581352"
"2017-08-02","243.988739","66.623421","138.011444","43.313606","107.502922"
"2017-08-03","243.515457","66.663002","137.348724","43.136295","107.71862"
"2017-08-04","243.959167","66.752052","138.05101","43.293907","107.542145"
"2017-08-07","244.412735","66.781731","137.882843","43.589428","107.532326"
"2017-08-08","243.811264","66.425514","137.328949","43.599274","107.434273"
"2017-08-09","243.801407","66.316666","136.231033","43.20525","107.532326"
"2017-08-10","240.360077","65.37664","134.420944","42.180775","107.64019"
"2017-08-11","240.715057","65.257896","134.134094","42.279278","107.728432"
"2017-08-14","243.101303","65.732857","135.973862","42.712711","107.679405"
"2017-08-15","243.071716","65.68338","134.598984","42.761967","107.522545"
"2017-08-16","243.495728","66.059402","134.608887","43.20525","107.71862"
"2017-08-17","239.699417","65.317268","132.047058","42.653606","107.875519"
"2017-08-18","239.324738","65.495384","131.681107","43.018082","107.806877"
"2017-08-21","239.51207","65.475586","131.404144","43.175697","107.885323"
"2017-08-22","242.016663","65.792229","132.749359","43.658382","107.78727"
"2017-08-23","241.148911","65.802124","132.28447","43.865246","108.032394"
"2017-08-24","240.586884","65.653702","132.620758","44.003155","107.895119"
"2017-08-25","241.148911","66.0495","133.56041","44.259274","107.973557"
"2017-08-28","241.158783","66.0495","133.639542","44.101665","108.012779"
"2017-08-29","241.434891","65.782341","133.501053","44.022858","108.16967"
"2017-08-30","242.57869","65.693283","134.094543","44.091812","108.150047"
"2017-08-31","244.038055","66.197929","135.548538","44.16077","108.297112"
"2017-09-01","244.383163","66.28698","136.745377","44.48584","108.051483"
"2017-09-05","242.627991","65.841705","135.281479","43.904648","108.493637"
"2017-09-06","243.456284","66.247398","135.756241","44.190319","108.375732"
"2017-09-07","243.426712","66.791634","135.538635","44.515392","108.641022"
"2017-09-08","243.140762","66.801529","135.657333","44.219872","108.51329"
"2017-09-11","245.73407","67.325966","136.923401","44.810917","108.218521"
"2017-09-12","246.562347","67.53376","138.05101","44.761662","108.061325"
"2017-09-13","246.680679","67.167641","138.634598","44.525246","107.953239"
"2017-09-14","246.601791","67.286385","138.515869","44.643452","108.012184"
"2017-09-15","246.933762","67.345749","139.465439","44.909424","107.992546"
"2017-09-18","247.458969","67.434814","140.296295","45.067036","107.943413"
"2017-09-19","247.706696","67.75145","140.405106","45.165539","107.884453"
"2017-09-20","247.795883","67.603027","141.127151","44.958675","107.796028"
"2017-09-21","247.131958","67.464493","141.146927","44.958675","107.776382"
"2017-09-22","247.181503","67.672287","142.14595","44.702557","107.85498"
"2017-09-25","246.676102","67.286385","143.046036","43.944054","108.110443"
"2017-09-26","246.824753","67.137955","143.993759","43.825844","108.071144"
"2017-09-27","247.78598","67.187431","146.633484","43.668232","107.756721"
"2017-09-28","248.083267","67.365547","147.01059","43.63868","107.766548"
"2017-09-29","248.955292","67.761353","147.179291","44.141068","107.678108"
"2017-10-02","250.035431","67.701973","149.422058","44.150917","107.744095"
"2017-10-03","250.570541","67.929565","149.680069","44.850315","107.832703"
"2017-10-04","250.867813","67.800926","148.985413","44.840469","107.803177"
"2017-10-05","252.354233","67.761353","149.471664","45.175392","107.753937"
"2017-10-06","252.066849","67.711868","148.955643","44.948826","107.59639"
"2017-10-09","251.650665","67.731659","148.141891","44.919273","107.744095"
"2017-10-10","252.31459","68.37484","148.538849","45.362556","107.753937"
"2017-10-11","252.710983","68.543053","148.290741","45.56942","107.773621"
"2017-10-12","252.334427","68.483688","147.923569","45.549721","107.901611"
"2017-10-13","252.641617","68.839905","147.883881","45.963448","108.167465"
"2017-10-16","252.978531","68.790428","147.705246","45.933899","108.059166"
"2017-10-17","253.156906","68.61232","147.377747","45.697479","108.019775"
"2017-10-18","253.404633","68.810226","148.489227","45.80584","107.852402"
"2017-10-19","253.473999","68.701378","147.97319","45.401958","107.931168"
"2017-10-20","254.782043","68.61232","148.786926","45.56942","107.616104"
"2017-10-23","253.791092","68.463898","148.00296","45.204945","107.734245"
"2017-10-24","254.23703","68.572746","148.290741","45.204945","107.50779"
"2017-10-25","252.978531","68.305573","147.655624","45.106438","107.438873"
"2017-10-26","253.305527","68.295677","148.499146","44.801064","107.320724"
"2017-10-27","255.376602","68.454002","149.094589","45.45121","107.557014"
"2017-10-30","254.425308","68.61232","147.050278","45.165539","107.852402"
"2017-10-31","254.821701","68.899277","148.052582","45.589119","107.783478"
"2017-11-01","255.1586","68.968544","147.218994","45.825539","107.830833"
"2017-11-02","255.257706","69.176346","147.695328","45.884644","107.890038"
"2017-11-03","256.109955","69.067497","146.673187","45.648228","107.988693"
"2017-11-06","256.506287","69.166443","146.881577","46.160465","108.087357"
"2017-11-07","256.327942","68.909172","145.264008","45.864944","108.116959"
"2017-11-08","256.763916","69.136765","145.740341","46.081657","108.047897"
"2017-11-09","255.832458","68.740959","145.502167","45.79599","107.968964"
"2017-11-10","255.753189","68.552948","145.492249","45.598972","107.534836"
"2017-11-13","255.990982","68.265991","145.333466","45.500465","107.534836"
"2017-11-14","255.396454","68.216522","145.353317","45.195095","107.643379"
"2017-11-15","254.118118","67.889984","144.470093","44.958675","107.850563"
"2017-11-16","256.278381","68.434212","146.92128","45.894493","107.73217"
"2017-11-17","255.525253","68.186836","147.586166","46.121059","107.850563"
"2017-11-20","255.961258","68.335258","148.757172","46.357479","107.791367"
"2017-11-21","257.635956","68.849808","150.473984","46.978073","107.89991"
"2017-11-22","257.408081","69.037804","150.245728","47.096283","108.087357"
"2017-11-24","258.002625","69.601822","150.285416","46.997772","108.067627"
"2017-11-27","257.87381","69.186234","149.600677","46.308224","108.067627"
"2017-11-28","260.489899","69.582039","152.349579","46.653","108.067627"
"2017-11-29","260.331329","69.304977","153.71904","45.914196","107.801231"
"2017-11-30","262.610535","69.374245","153.619812","45.411808","107.623634"
"2017-12-01","262.065491","69.097183","152.865601","45.155689","107.931137"
"2017-12-04","261.748413","68.849808","153.232788","45.244347","107.921249"
"2017-12-05","260.807007","68.701378","151.694595","45.214798","108.030006"
"2017-12-06","260.856567","68.562851","150.801468","44.60405","108.138779"
"2017-12-07","261.679047","68.740959","151.515961","44.732109","108.000351"
"2017-12-08","263.106018","69.107071","151.476273","45.254196","107.9608"
"2017-12-11","263.898743","69.285179","151.158722","45.480762","107.921249"
"2017-12-12","264.364502","69.374245","150.771683","45.175392","107.871819"
"2017-12-13","264.334778","69.641403","151.218262","45.717182","108.178329"
"2017-12-14","263.254639","69.255501","149.322815","45.382256","108.207985"
"2017-12-15","265.446869","69.23571","151.684677","45.480762","108.237648"
"2017-12-18","267.130127","70.056999","154.106064","45.993","108.099228"
"2017-12-19","266.104248","69.800003","152.619141","45.75","107.782829"
"2017-12-20","265.964783","69.68","153.087555","45.810001","107.535645"
"2017-12-21","266.512573","69.93","153.854935","46.110001","107.594955"
"2017-12-22","266.442871","70.110001","153.605789","46.5","107.644402"
"2017-12-26","266.124146","70.089996","153.894791","46.459999","107.733391"
"2017-12-27","266.253632","70.220001","153.466263","46.580002","108.069565"
"2017-12-28","266.801422","70.260002","154.094101","46.900002","107.990463"