DATE,DGS6MO
2015-03-26,0.13
2015-03-27,0.12
2015-03-30,0.14
2015-03-31,0.14
2015-04-01,0.12
2015-04-02,0.10
2015-04-03,0.10
2015-04-06,0.10
2015-04-07,0.10
2015-04-08,0.10
2015-04-09,0.10
2015-04-10,0.09
2015-04-13,0.11
2015-04-14,0.10
2015-04-15,0.08
2015-04-16,0.08
2015-04-17,0.08
2015-04-20,0.10
2015-04-21,0.09
2015-04-22,0.10
2015-04-23,0.09
2015-04-24,0.10
2015-04-27,0.10
2015-04-28,0.09
2015-04-29,0.07
2015-04-30,0.06
2015-05-01,0.05
2015-05-04,0.08
2015-05-05,0.08
2015-05-06,0.08
2015-05-07,0.08
2015-05-08,0.08
2015-05-11,0.09
2015-05-12,0.09
2015-05-13,0.09
2015-05-14,0.08
2015-05-15,0.09
2015-05-18,0.08
2015-05-19,0.07
2015-05-20,0.08
2015-05-21,0.07
2015-05-22,0.08
2015-05-25,.
2015-05-26,0.09
2015-05-27,0.09
2015-05-28,0.08
2015-05-29,0.06
2015-06-01,0.07
2015-06-02,0.07
2015-06-03,0.07
2015-06-04,0.08
2015-06-05,0.08
2015-06-08,0.09
2015-06-09,0.08
2015-06-10,0.10
2015-06-11,0.10
2015-06-12,0.10
2015-06-15,0.11
2015-06-16,0.11
2015-06-17,0.10
2015-06-18,0.08
2015-06-19,0.05
2015-06-22,0.08
2015-06-23,0.09
2015-06-24,0.08
2015-06-25,0.07
2015-06-26,0.08
2015-06-29,0.11
2015-06-30,0.11
2015-07-01,0.13
2015-07-02,0.10
2015-07-03,.
2015-07-06,0.09
2015-07-07,0.08
2015-07-08,0.08
2015-07-09,0.08
2015-07-10,0.09
2015-07-13,0.10
2015-07-14,0.10
2015-07-15,0.11
2015-07-16,0.10
2015-07-17,0.11
2015-07-20,0.14
2015-07-21,0.13
2015-07-22,0.13
2015-07-23,0.13
2015-07-24,0.14
2015-07-27,0.15
2015-07-28,0.14
2015-07-29,0.14
2015-07-30,0.15
2015-07-31,0.14
2015-08-03,0.17
2015-08-04,0.18
2015-08-05,0.19
2015-08-06,0.20
2015-08-07,0.23
2015-08-10,0.24
2015-08-11,0.23
2015-08-12,0.22
2015-08-13,0.24
2015-08-14,0.25
2015-08-17,0.24
2015-08-18,0.25
2015-08-19,0.22
2015-08-20,0.22
2015-08-21,0.21
2015-08-24,0.20
2015-08-25,0.19
2015-08-26,0.20
2015-08-27,0.22
2015-08-28,0.25
2015-08-31,0.27
2015-09-01,0.26
2015-09-02,0.25
2015-09-03,0.24
2015-09-04,0.23
2015-09-07,.
2015-09-08,0.27
2015-09-09,0.26
2015-09-10,0.25
2015-09-11,0.25
2015-09-14,0.26
2015-09-15,0.27
2015-09-16,0.24
2015-09-17,0.16
2015-09-18,0.10
2015-09-21,0.11
2015-09-22,0.10
2015-09-23,0.09
2015-09-24,0.09
2015-09-25,0.07
2015-09-28,0.10
2015-09-29,0.09
2015-09-30,0.08
2015-10-01,0.08
2015-10-02,0.06
2015-10-05,0.06
2015-10-06,0.07
2015-10-07,0.08
2015-10-08,0.07
2015-10-09,0.07
2015-10-12,.
2015-10-13,0.08
2015-10-14,0.08
2015-10-15,0.08
2015-10-16,0.07
2015-10-19,0.12
2015-10-20,0.12
2015-10-21,0.12
2015-10-22,0.11
2015-10-23,0.13
2015-10-26,0.16
2015-10-27,0.18
2015-10-28,0.21
2015-10-29,0.21
2015-10-30,0.23
2015-11-02,0.27
2015-11-03,0.26
2015-11-04,0.27
2015-11-05,0.27
2015-11-06,0.32
2015-11-09,0.34
2015-11-10,0.34
2015-11-11,.
2015-11-12,0.35
2015-11-13,0.31
2015-11-16,0.33
2015-11-17,0.34
2015-11-18,0.31
2015-11-19,0.31
2015-11-20,0.31
2015-11-23,0.35
2015-11-24,0.36
2015-11-25,0.39
2015-11-26,.
2015-11-27,0.38
2015-11-30,0.42
2015-12-01,0.42
2015-12-02,0.42
2015-12-03,0.45
2015-12-04,0.49
2015-12-07,0.57
2015-12-08,0.58
2015-12-09,0.53
2015-12-10,0.55
2015-12-11,0.52
2015-12-14,0.54
2015-12-15,0.54
2015-12-16,0.51
2015-12-17,0.48
2015-12-18,0.47
2015-12-21,0.51
2015-12-22,0.47
2015-12-23,0.47
2015-12-24,0.49
2015-12-25,.
2015-12-28,0.51
2015-12-29,0.50
2015-12-30,0.47
2015-12-31,0.49
2016-01-01,.
2016-01-04,0.49
2016-01-05,0.49
2016-01-06,0.47
2016-01-07,0.46
2016-01-08,0.45
2016-01-11,0.48
2016-01-12,0.47
2016-01-13,0.46
2016-01-14,0.43
2016-01-15,0.37
2016-01-18,.
2016-01-19,0.37
2016-01-20,0.35
2016-01-21,0.38
2016-01-22,0.41
2016-01-25,0.42
2016-01-26,0.45
2016-01-27,0.43
2016-01-28,0.45
2016-01-29,0.43
2016-02-01,0.47
2016-02-02,0.47
2016-02-03,0.46
2016-02-04,0.43
2016-02-05,0.45
2016-02-08,0.42
2016-02-09,0.43
2016-02-10,0.42
2016-02-11,0.39
2016-02-12,0.39
2016-02-15,.
2016-02-16,0.42
2016-02-17,0.43
2016-02-18,0.45
2016-02-19,0.46
2016-02-22,0.46
2016-02-23,0.47
2016-02-24,0.46
2016-02-25,0.46
2016-02-26,0.47
2016-02-29,0.49
2016-03-01,0.50
2016-03-02,0.48
2016-03-03,0.46
2016-03-04,0.47
2016-03-07,0.49
2016-03-08,0.48
2016-03-09,0.47
2016-03-10,0.50
2016-03-11,0.51
2016-03-14,0.52
2016-03-15,0.52
2016-03-16,0.47
2016-03-17,0.47
2016-03-18,0.44
2016-03-21,0.46
2016-03-22,0.46
2016-03-23,0.46
2016-03-24,0.46
2016-03-25,.
2016-03-28,0.49
2016-03-29,0.45
2016-03-30,0.39
2016-03-31,0.39
2016-04-01,0.40
2016-04-04,0.38
2016-04-05,0.36
2016-04-06,0.36
2016-04-07,0.36
2016-04-08,0.34
2016-04-11,0.34
2016-04-12,0.34
2016-04-13,0.36
2016-04-14,0.37
2016-04-15,0.37
2016-04-18,0.35
2016-04-19,0.36
2016-04-20,0.36
2016-04-21,0.37
2016-04-22,0.38
2016-04-25,0.40
2016-04-26,0.43
2016-04-27,0.40
2016-04-28,0.39
2016-04-29,0.40
2016-05-02,0.41
2016-05-03,0.40
2016-05-04,0.39
2016-05-05,0.39
2016-05-06,0.39
2016-05-09,0.38
2016-05-10,0.36
2016-05-11,0.37
2016-05-12,0.37
2016-05-13,0.38
2016-05-16,0.38
2016-05-17,0.40
2016-05-18,0.43
2016-05-19,0.43
2016-05-20,0.46
2016-05-23,0.48
2016-05-24,0.48
2016-05-25,0.47
2016-05-26,0.46
2016-05-27,0.47
2016-05-30,.
2016-05-31,0.49
2016-06-01,0.49
2016-06-02,0.48
2016-06-03,0.43
2016-06-06,0.43
2016-06-07,0.43
2016-06-08,0.43
2016-06-09,0.43
2016-06-10,0.42
2016-06-13,0.40
2016-06-14,0.41
2016-06-15,0.37
2016-06-16,0.36
2016-06-17,0.37
2016-06-20,0.41
2016-06-21,0.41
2016-06-22,0.40
2016-06-23,0.43
2016-06-24,0.38
2016-06-27,0.35
2016-06-28,0.35
2016-06-29,0.35
2016-06-30,0.36
2016-07-01,0.37
2016-07-04,.
2016-07-05,0.35
2016-07-06,0.36
2016-07-07,0.37
2016-07-08,0.36
2016-07-11,0.40
2016-07-12,0.40
2016-07-13,0.40
2016-07-14,0.41
2016-07-15,0.42
2016-07-18,0.44
2016-07-19,0.44
2016-07-20,0.44
2016-07-21,0.44
2016-07-22,0.44
2016-07-25,0.44
2016-07-26,0.43
2016-07-27,0.40
2016-07-28,0.39
2016-07-29,0.38
2016-08-01,0.40
2016-08-02,0.41
2016-08-03,0.42
2016-08-04,0.41
2016-08-05,0.45
2016-08-08,0.45
2016-08-09,0.44
2016-08-10,0.43
2016-08-11,0.45
2016-08-12,0.43
2016-08-15,0.46
2016-08-16,0.45
2016-08-17,0.46
2016-08-18,0.44
2016-08-19,0.44
2016-08-22,0.45
2016-08-23,0.45
2016-08-24,0.46
2016-08-25,0.46
2016-08-26,0.47
2016-08-29,0.49
2016-08-30,0.47
2016-08-31,0.47
2016-09-01,0.47
2016-09-02,0.45
2016-09-05,.
2016-09-06,0.45
2016-09-07,0.49
2016-09-08,0.50
2016-09-09,0.51
2016-09-12,0.53
2016-09-13,0.54
2016-09-14,0.52
2016-09-15,0.49
2016-09-16,0.50
2016-09-19,0.48
2016-09-20,0.49
2016-09-21,0.44
2016-09-22,0.39
2016-09-23,0.40
2016-09-26,0.42
2016-09-27,0.42
2016-09-28,0.44
2016-09-29,0.43
2016-09-30,0.45
2016-10-03,0.48
2016-10-04,0.48
2016-10-05,0.48
2016-10-06,0.46
2016-10-07,0.46
2016-10-10,.
2016-10-11,0.48
2016-10-12,0.49
2016-10-13,0.45
2016-10-14,0.46
2016-10-17,0.47
2016-10-18,0.47
2016-10-19,0.48
2016-10-20,0.48
2016-10-21,0.47
2016-10-24,0.46
2016-10-25,0.49
2016-10-26,0.49
2016-10-27,0.49
2016-10-28,0.49
2016-10-31,0.51
2016-11-01,0.50
2016-11-02,0.51
2016-11-03,0.52
2016-11-04,0.52
2016-11-07,0.54
2016-11-08,0.56
2016-11-09,0.56
2016-11-10,0.59
2016-11-11,.
2016-11-14,0.65
2016-11-15,0.61
2016-11-16,0.62
2016-11-17,0.61
2016-11-18,0.60
2016-11-21,0.60
2016-11-22,0.61
2016-11-23,0.63
2016-11-24,.
2016-11-25,0.62
2016-11-28,0.60
2016-11-29,0.60
2016-11-30,0.62
2016-12-01,0.60
2016-12-02,0.61
2016-12-05,0.63
2016-12-06,0.63
2016-12-07,0.63
2016-12-08,0.62
2016-12-09,0.64
2016-12-12,0.64
2016-12-13,0.66
2016-12-14,0.66
2016-12-15,0.65
2016-12-16,0.65
2016-12-19,0.65
2016-12-20,0.66
2016-12-21,0.65
2016-12-22,0.65
2016-12-23,0.65
2016-12-26,.
2016-12-27,0.66
2016-12-28,0.62
2016-12-29,0.62
2016-12-30,0.62
2017-01-02,.
2017-01-03,0.65
2017-01-04,0.63
2017-01-05,0.62
2017-01-06,0.61
2017-01-09,0.60
2017-01-10,0.60
2017-01-11,0.60
2017-01-12,0.59
2017-01-13,0.61
2017-01-16,.
2017-01-17,0.62
2017-01-18,0.63
2017-01-19,0.62
2017-01-20,0.62
2017-01-23,0.59
2017-01-24,0.62
2017-01-25,0.61
2017-01-26,0.62
2017-01-27,0.63
2017-01-30,0.63
2017-01-31,0.64
2017-02-01,0.65
2017-02-02,0.64
2017-02-03,0.63
2017-02-06,0.62
2017-02-07,0.63
2017-02-08,0.63
2017-02-09,0.64
2017-02-10,0.64
2017-02-13,0.63
2017-02-14,0.66
2017-02-15,0.67
2017-02-16,0.66
2017-02-17,0.66
2017-02-20,.
2017-02-21,0.69
2017-02-22,0.68
2017-02-23,0.66
2017-02-24,0.65
2017-02-27,0.68
2017-02-28,0.69
2017-03-01,0.79
2017-03-02,0.84
2017-03-03,0.84
2017-03-06,0.83
2017-03-07,0.87
2017-03-08,0.86
2017-03-09,0.88
2017-03-10,0.89
2017-03-13,0.93
2017-03-14,0.93
2017-03-15,0.89
2017-03-16,0.89
2017-03-17,0.87
2017-03-20,0.89
2017-03-21,0.91
2017-03-22,0.90
2017-03-23,0.90
2017-03-24,0.89
2017-03-27,0.91
2017-03-28,0.92
2017-03-29,0.92
2017-03-30,0.91
2017-03-31,0.91
2017-04-03,0.92
2017-04-04,0.92
2017-04-05,0.93
2017-04-06,0.94
2017-04-07,0.95
2017-04-10,0.97
2017-04-11,0.94
2017-04-12,0.95
2017-04-13,0.94
2017-04-14,.
2017-04-17,0.94
2017-04-18,0.94
2017-04-19,0.94
2017-04-20,0.93
2017-04-21,0.92
2017-04-24,0.96
2017-04-25,0.98
2017-04-26,0.99
2017-04-27,0.98
2017-04-28,0.99
2017-05-01,0.98
2017-05-02,0.99
2017-05-03,1.00
2017-05-04,1.00
2017-05-05,1.01
2017-05-08,1.02
2017-05-09,1.04
2017-05-10,1.04
2017-05-11,1.04
2017-05-12,1.03
2017-05-15,1.02
2017-05-16,1.04
2017-05-17,1.00
2017-05-18,1.02
2017-05-19,1.03
2017-05-22,1.05
2017-05-23,1.08
2017-05-24,1.07
2017-05-25,1.08
2017-05-26,1.08
2017-05-29,.
2017-05-30,1.07
2017-05-31,1.08
2017-06-01,1.07
2017-06-02,1.06
2017-06-05,1.06
2017-06-06,1.08
2017-06-07,1.09
2017-06-08,1.11
2017-06-09,1.13
2017-06-12,1.09
2017-06-13,1.12
2017-06-14,1.12
2017-06-15,1.13
2017-06-16,1.13
2017-06-19,1.13
2017-06-20,1.14
2017-06-21,1.12
2017-06-22,1.10
2017-06-23,1.10
2017-06-26,1.10
2017-06-27,1.13
2017-06-28,1.12
2017-06-29,1.14
2017-06-30,1.14
2017-07-03,1.13
2017-07-04,.
2017-07-05,1.15
2017-07-06,1.14
2017-07-07,1.14
2017-07-10,1.13
2017-07-11,1.14
2017-07-12,1.13
2017-07-13,1.14
2017-07-14,1.12
2017-07-17,1.10
2017-07-18,1.11
2017-07-19,1.12
2017-07-20,1.12
2017-07-21,1.10
2017-07-24,1.12
2017-07-25,1.15
2017-07-26,1.14
2017-07-27,1.13
2017-07-28,1.13
2017-07-31,1.13
2017-08-01,1.15
2017-08-02,1.15
2017-08-03,1.13
2017-08-04,1.14
2017-08-07,1.14
2017-08-08,1.16
2017-08-09,1.15
2017-08-10,1.14
2017-08-11,1.14
2017-08-14,1.13
2017-08-15,1.16
2017-08-16,1.13
2017-08-17,1.11
2017-08-18,1.13
2017-08-21,1.11
2017-08-22,1.13
2017-08-23,1.11
2017-08-24,1.11
2017-08-25,1.11
2017-08-28,1.12
2017-08-29,1.13
2017-08-30,1.11
2017-08-31,1.08
2017-09-01,1.10
2017-09-04,.
2017-09-05,1.13
2017-09-06,1.17
2017-09-07,1.15
2017-09-08,1.14
2017-09-11,1.16
2017-09-12,1.16
2017-09-13,1.16
2017-09-14,1.17
2017-09-15,1.17
2017-09-18,1.18
2017-09-19,1.19
2017-09-20,1.20
2017-09-21,1.19
2017-09-22,1.19
2017-09-25,1.19
2017-09-26,1.19
2017-09-27,1.20
2017-09-28,1.18
2017-09-29,1.20
2017-10-02,1.22
2017-10-03,1.21
2017-10-04,1.21
2017-10-05,1.21
2017-10-06,1.22
2017-10-09,.
2017-10-10,1.26
2017-10-11,1.25
2017-10-12,1.27
2017-10-13,1.26
2017-10-16,1.24
2017-10-17,1.25
2017-10-18,1.24
2017-10-19,1.25
2017-10-20,1.27
2017-10-23,1.25
2017-10-24,1.27
2017-10-25,1.27
2017-10-26,1.29
2017-10-27,1.28
2017-10-30,1.24
2017-10-31,1.28
2017-11-01,1.30
2017-11-02,1.29
2017-11-03,1.31
2017-11-06,1.30
2017-11-07,1.33
2017-11-08,1.35
2017-11-09,1.36
2017-11-10,1.37
2017-11-13,1.37
2017-11-14,1.40
2017-11-15,1.39
2017-11-16,1.42
2017-11-17,1.42
2017-11-20,1.46
2017-11-21,1.45
2017-11-22,1.45
2017-11-23,.
2017-11-24,1.45
2017-11-27,1.41
2017-11-28,1.46
2017-11-29,1.45
2017-11-30,1.44
2017-12-01,1.45
2017-12-04,1.45
2017-12-05,1.48
2017-12-06,1.48
2017-12-07,1.47
2017-12-08,1.45
2017-12-11,1.47
2017-12-12,1.49
2017-12-13,1.47
2017-12-14,1.48
2017-12-15,1.48
2017-12-18,1.51
2017-12-19,1.51
2017-12-20,1.51
2017-12-21,1.54
2017-12-22,1.54
2017-12-25,.
2017-12-26,1.52
2017-12-27,1.53
2017-12-28,1.54
2017-12-29,1.53
2018-01-01,.
2018-01-02,1.61
2018-01-03,1.59
2018-01-04,1.60
2018-01-05,1.58
2018-01-08,1.60
2018-01-09,1.60
2018-01-10,1.59
2018-01-11,1.58
2018-01-12,1.59
2018-01-15,.
2018-01-16,1.63
2018-01-17,1.63
2018-01-18,1.63
2018-01-19,1.62
2018-01-22,1.65
2018-01-23,1.63
2018-01-24,1.63
2018-01-25,1.64
2018-01-26,1.64
2018-01-29,1.66
2018-01-30,1.66
2018-01-31,1.66
2018-02-01,1.64
2018-02-02,1.65
2018-02-05,1.67
2018-02-06,1.69
2018-02-07,1.73
2018-02-08,1.73
2018-02-09,1.73
2018-02-12,1.82
2018-02-13,1.80
2018-02-14,1.81
2018-02-15,1.82
2018-02-16,1.83
2018-02-19,.
2018-02-20,1.87
2018-02-21,1.85
2018-02-22,1.84
2018-02-23,1.85
2018-02-26,1.87
2018-02-27,1.87
2018-02-28,1.86
2018-03-01,1.85
2018-03-02,1.86
2018-03-05,1.86
2018-03-06,1.87
2018-03-07,1.87
2018-03-08,1.89
2018-03-09,1.89
2018-03-12,1.89
2018-03-13,1.90
2018-03-14,1.94
2018-03-15,1.95
2018-03-16,1.96
2018-03-19,1.99
2018-03-20,1.97
2018-03-21,1.95
2018-03-22,1.95
2018-03-23,1.92
2018-03-26,1.94
2018-03-27,1.93
2018-03-28,1.95
2018-03-29,1.93
2018-03-30,.
2018-04-02,1.92
2018-04-03,1.92
2018-04-04,1.90
2018-04-05,1.93
2018-04-06,1.91
2018-04-09,1.93
2018-04-10,1.93
2018-04-11,1.95
2018-04-12,1.95
2018-04-13,1.97
2018-04-16,1.98
2018-04-17,2.02
2018-04-18,2.01
2018-04-19,2.01
2018-04-20,2.01
2018-04-23,2.04
2018-04-24,2.05
2018-04-25,2.03
2018-04-26,2.02
2018-04-27,2.02
2018-04-30,2.04
2018-05-01,2.05
2018-05-02,2.03
2018-05-03,2.02
2018-05-04,2.03
2018-05-07,2.05
2018-05-08,2.05
2018-05-09,2.05
2018-05-10,2.05
2018-05-11,2.06
2018-05-14,2.09
2018-05-15,2.09
2018-05-16,2.09
2018-05-17,2.10
2018-05-18,2.09
2018-05-21,2.14
2018-05-22,2.13
2018-05-23,2.11
2018-05-24,2.09
2018-05-25,2.07
2018-05-28,.
2018-05-29,2.06
2018-05-30,2.08
2018-05-31,2.08
2018-06-01,2.10
2018-06-04,2.13
2018-06-05,2.13
2018-06-06,2.13
2018-06-07,2.12
2018-06-08,2.12
2018-06-11,2.11
2018-06-12,2.10
2018-06-13,2.09
2018-06-14,2.07
2018-06-15,2.07
2018-06-18,2.13
2018-06-19,2.13
2018-06-20,2.14
2018-06-21,2.12
2018-06-22,2.11
2018-06-25,2.13
2018-06-26,2.14
2018-06-27,2.10
2018-06-28,2.11
2018-06-29,2.11
2018-07-02,2.14
2018-07-03,2.12
2018-07-04,.
2018-07-05,2.11
2018-07-06,2.13
2018-07-09,2.15
2018-07-10,2.15
2018-07-11,2.14
2018-07-12,2.17
2018-07-13,2.16
2018-07-16,2.19
2018-07-17,2.19
2018-07-18,2.17
2018-07-19,2.16
2018-07-20,2.16
2018-07-23,2.19
2018-07-24,2.19
2018-07-25,2.20
2018-07-26,2.19
2018-07-27,2.20
2018-07-30,2.21
2018-07-31,2.21
2018-08-01,2.22
2018-08-02,2.22
2018-08-03,2.23
2018-08-06,2.23
2018-08-07,2.23
2018-08-08,2.24
2018-08-09,2.25
2018-08-10,2.23
2018-08-13,2.22
2018-08-14,2.25
2018-08-15,2.23
2018-08-16,2.24
2018-08-17,2.24
2018-08-20,2.25
2018-08-21,2.25
2018-08-22,2.24
2018-08-23,2.23
2018-08-24,2.25
2018-08-27,2.25
2018-08-28,2.28
2018-08-29,2.28
2018-08-30,2.28
2018-08-31,2.28
2018-09-03,.
2018-09-04,2.29
2018-09-05,2.30
2018-09-06,2.30
2018-09-07,2.30
2018-09-10,2.32
2018-09-11,2.31
2018-09-12,2.33
2018-09-13,2.33
2018-09-14,2.33
2018-09-17,2.35
2018-09-18,2.36
2018-09-19,2.36
2018-09-20,2.37
2018-09-21,2.38
2018-09-24,2.38
2018-09-25,2.38
2018-09-26,2.37
2018-09-27,2.37
2018-09-28,2.36
2018-10-01,2.40
2018-10-02,2.41
2018-10-03,2.41
2018-10-04,2.42
2018-10-05,2.41
2018-10-08,.
2018-10-09,2.46
2018-10-10,2.45
2018-10-11,2.44
2018-10-12,2.44
2018-10-15,2.47
2018-10-16,2.46
2018-10-17,2.47
2018-10-18,2.47
2018-10-19,2.48
2018-10-22,2.49
2018-10-23,2.48
2018-10-24,2.47
2018-10-25,2.47
2018-10-26,2.47
2018-10-29,2.49
2018-10-30,2.48
2018-10-31,2.49
2018-11-01,2.49
2018-11-02,2.50
2018-11-05,2.51
2018-11-06,2.52
2018-11-07,2.51
2018-11-08,2.52
2018-11-09,2.52
2018-11-12,.
2018-11-13,2.53
2018-11-14,2.52
2018-11-15,2.51
2018-11-16,2.50
2018-11-19,2.52
2018-11-20,2.51
2018-11-21,2.52
2018-11-22,.
2018-11-23,2.52
2018-11-26,2.54
2018-11-27,2.53
2018-11-28,2.53
2018-11-29,2.52
2018-11-30,2.52
2018-12-03,2.56
2018-12-04,2.58
2018-12-05,.
2018-12-06,2.56
2018-12-07,2.54
2018-12-10,2.54
2018-12-11,2.55
2018-12-12,2.56
2018-12-13,2.56
2018-12-14,2.56
2018-12-17,2.54
2018-12-18,2.53
2018-12-19,2.54
2018-12-20,2.55
2018-12-21,2.54
2018-12-24,2.52
2018-12-25,.
2018-12-26,2.54
2018-12-27,2.49
2018-12-28,2.48
2018-12-31,2.56
2019-01-01,.
2019-01-02,2.51
2019-01-03,2.47
2019-01-04,2.51
2019-01-07,2.54
2019-01-08,2.54
2019-01-09,2.52
2019-01-10,2.51
2019-01-11,2.50
2019-01-14,2.52
2019-01-15,2.52
2019-01-16,2.49
2019-01-17,2.50
2019-01-18,2.50
2019-01-21,.
2019-01-22,2.51
2019-01-23,2.51
2019-01-24,2.50
2019-01-25,2.51
2019-01-28,2.51
2019-01-29,2.51
2019-01-30,2.50
2019-01-31,2.46
2019-02-01,2.46
2019-02-04,2.49
2019-02-05,2.50
2019-02-06,2.50
2019-02-07,2.49
2019-02-08,2.49
2019-02-11,2.51
2019-02-12,2.50
2019-02-13,2.51
2019-02-14,2.51
2019-02-15,2.50
2019-02-18,.
2019-02-19,2.52
2019-02-20,2.51
2019-02-21,2.51
2019-02-22,2.51
2019-02-25,2.51
2019-02-26,2.51
2019-02-27,2.52
2019-02-28,2.50
2019-03-01,2.52
2019-03-04,2.54
2019-03-05,2.53
2019-03-06,2.53
2019-03-07,2.52
2019-03-08,2.52
2019-03-11,2.54
2019-03-12,2.53
2019-03-13,2.53
2019-03-14,2.52
2019-03-15,2.52
2019-03-18,2.51
2019-03-19,2.52
2019-03-20,2.49
2019-03-21,2.50
2019-03-22,2.48
2019-03-25,2.49
2019-03-26,2.49
2019-03-27,2.46
2019-03-28,2.44
2019-03-29,2.44
2019-04-01,2.46
2019-04-02,2.45
2019-04-03,2.45
2019-04-04,2.46
2019-04-05,2.46
2019-04-08,2.48
2019-04-09,2.46
2019-04-10,2.46
2019-04-11,2.46
2019-04-12,2.47
2019-04-15,2.46
2019-04-16,2.47
2019-04-17,2.47
2019-04-18,2.47
2019-04-19,.
2019-04-22,2.47
2019-04-23,2.46
2019-04-24,2.46
2019-04-25,2.46
2019-04-26,2.46
2019-04-29,2.47
2019-04-30,2.46
2019-05-01,2.44
2019-05-02,2.46
2019-05-03,2.46
2019-05-06,2.46
2019-05-07,2.46
2019-05-08,2.45
2019-05-09,2.46
2019-05-10,2.45
2019-05-13,2.42
2019-05-14,2.43
2019-05-15,2.43
2019-05-16,2.43
2019-05-17,2.42
2019-05-20,2.42
2019-05-21,2.42
2019-05-22,2.41
2019-05-23,2.40
2019-05-24,2.39
2019-05-27,.
2019-05-28,2.38
2019-05-29,2.38
2019-05-30,2.40
2019-05-31,2.35
2019-06-03,2.31
2019-06-04,2.29
2019-06-05,2.25
2019-06-06,2.22
2019-06-07,2.15
2019-06-10,2.21
2019-06-11,2.21
2019-06-12,2.20
2019-06-13,2.18
2019-06-14,2.18
2019-06-17,2.20
2019-06-18,2.20
2019-06-19,2.11
2019-06-20,2.04
2019-06-21,2.05
2019-06-24,2.10
2019-06-25,2.10
2019-06-26,2.12
2019-06-27,2.12
2019-06-28,2.09
2019-07-01,2.10
2019-07-02,2.09
2019-07-03,2.08
2019-07-04,.
2019-07-05,2.14
2019-07-08,2.14
2019-07-09,2.15
2019-07-10,2.07
2019-07-11,2.08
2019-07-12,2.07
2019-07-15,2.06
2019-07-16,2.06
2019-07-17,2.04
2019-07-18,2.01
2019-07-19,2.03
2019-07-22,2.08
2019-07-23,2.09
2019-07-24,2.08
2019-07-25,2.08
2019-07-26,2.10
2019-07-29,2.10
2019-07-30,2.07
2019-07-31,2.10
2019-08-01,2.04
2019-08-02,2.02
2019-08-05,1.99
2019-08-06,2.00
2019-08-07,1.95
2019-08-08,1.96
2019-08-09,1.95
2019-08-12,1.94
2019-08-13,1.96
2019-08-14,1.92
2019-08-15,1.86
2019-08-16,1.85
2019-08-19,1.90
2019-08-20,1.89
2019-08-21,1.90
2019-08-22,1.91
2019-08-23,1.87
2019-08-26,1.90
2019-08-27,1.94
2019-08-28,1.89
2019-08-29,1.89
2019-08-30,1.89
2019-09-02,.
2019-09-03,1.88
2019-09-04,1.87
2019-09-05,1.88
2019-09-06,1.88
2019-09-09,1.87
2019-09-10,1.89
2019-09-11,1.88
2019-09-12,1.90
2019-09-13,1.92
2019-09-16,1.93
2019-09-17,1.93
2019-09-18,1.91
2019-09-19,1.92
2019-09-20,1.91
2019-09-23,1.93
2019-09-24,1.91
2019-09-25,1.90
2019-09-26,1.88
2019-09-27,1.85
2019-09-30,1.83
2019-10-01,1.81
2019-10-02,1.75
2019-10-03,1.66
2019-10-04,1.65
2019-10-07,1.73
2019-10-08,1.69
2019-10-09,1.69
2019-10-10,1.68
2019-10-11,1.68
2019-10-14,.
2019-10-15,1.67
2019-10-16,1.64
2019-10-17,1.63
2019-10-18,1.63
2019-10-21,1.65
2019-10-22,1.64
2019-10-23,1.64
2019-10-24,1.65
2019-10-25,1.66
2019-10-28,1.65
2019-10-29,1.64
2019-10-30,1.62
2019-10-31,1.57
2019-11-01,1.55
2019-11-04,1.57
2019-11-05,1.58
2019-11-06,1.57
2019-11-07,1.58
2019-11-08,1.58
2019-11-11,.
2019-11-12,1.59
2019-11-13,1.59
2019-11-14,1.58
2019-11-15,1.59
2019-11-18,1.58
2019-11-19,1.58
2019-11-20,1.58
2019-11-21,1.59
2019-11-22,1.59
2019-11-25,1.61
2019-11-26,1.62
2019-11-27,1.63
2019-11-28,.
2019-11-29,1.63
2019-12-02,1.62
2019-12-03,1.57
2019-12-04,1.56
2019-12-05,1.55
2019-12-06,1.56
2019-12-09,1.58
2019-12-10,1.57
2019-12-11,1.58
2019-12-12,1.57
2019-12-13,1.56
2019-12-16,1.58
2019-12-17,1.58
2019-12-18,1.58
2019-12-19,1.57
2019-12-20,1.58
2019-12-23,1.60
2019-12-24,1.61
2019-12-25,.
2019-12-26,1.61
2019-12-27,1.59
2019-12-30,1.60
2019-12-31,1.60
2020-01-01,.
2020-01-02,1.57
2020-01-03,1.55
2020-01-06,1.56
2020-01-07,1.56
2020-01-08,1.56
2020-01-09,1.56
2020-01-10,1.55
2020-01-13,1.57
2020-01-14,1.57
2020-01-15,1.58
2020-01-16,1.56
2020-01-17,1.57
2020-01-20,.
2020-01-21,1.57
2020-01-22,1.56
2020-01-23,1.56
2020-01-24,1.55
2020-01-27,1.57
2020-01-28,1.58
2020-01-29,1.57
2020-01-30,1.57
2020-01-31,1.54
2020-02-03,1.56
2020-02-04,1.57
2020-02-05,1.57
2020-02-06,1.58
2020-02-07,1.57
2020-02-10,1.58
2020-02-11,1.55
2020-02-12,1.56
2020-02-13,1.56
2020-02-14,1.56
2020-02-17,.
2020-02-18,1.56
2020-02-19,1.56
2020-02-20,1.55
2020-02-21,1.53
2020-02-24,1.49
2020-02-25,1.47
2020-02-26,1.42
2020-02-27,1.33
2020-02-28,1.11
2020-03-02,0.95
2020-03-03,0.83
2020-03-04,0.68
2020-03-05,0.53
2020-03-06,0.41
2020-03-09,0.27
2020-03-10,0.43
2020-03-11,0.40
2020-03-12,0.37
2020-03-13,0.38
2020-03-16,0.29
2020-03-17,0.24
2020-03-18,0.08
2020-03-19,0.06
2020-03-20,0.05
2020-03-23,0.08
2020-03-24,0.09
2020-03-25,0.07
2020-03-26,0.04
